DateTime,CodeChannel,Debit,Credit,Balance,Description,WeakLabel,Pred_RF,Pred_LR,Pred_ANOM,AnomScore
2023-01-01 23:02:00,X2/ATS,0.0,3122.09,201270.17,,0,0,0,0,-0.03552862760830078
2023-01-02 19:15:00,ATM-WD,0.0,8774.0,86722.0,,0,0,0,0,-0.04549180442094125
2023-01-10 11:28:00,ATM-WD,0.0,1927.41,174359.79,,0,0,0,0,-0.1376862624472489
2023-01-11 12:08:00,WEB-TRF,4017.0,0.0,77948.0,,0,0,0,0,-0.10924528651429505
2023-01-12 09:09:00,ATM-WD,62849.0,0.0,69032.0,,0,0,0,0,-0.08772859789005066
2023-01-13 07:44:00,WEB-TRF,146425.0,0.0,128429.0,,1,0,0,0,-0.08152362458700019
2023-01-13 13:25:00,ATM-WD,18983.0,0.0,185594.0,,0,1,1,0,-0.012980168219933974
2023-01-17 00:09:00,X1/ATS,0.0,39658.0,67372.0,,0,1,1,1,0.05660741464103736
2023-01-19 03:14:00,ATM-WD,0.0,726.19,58107.74,,1,0,0,0,-0.15504655662708927
2023-01-21 19:35:00,WEB-TRF,42662.0,0.0,172831.0,,0,0,0,0,-0.09194455423519826
2023-01-25 21:05:00,WEB-TRF,0.0,1976.0,41204.0,,0,0,0,0,-0.05941579271837727
2023-01-26 08:03:00,ATM-WD,1350.53,0.0,79584.05,,0,0,0,0,-0.058897327044237224
2023-01-28 02:04:00,WEB-TRF,74093.0,0.0,106505.0,,1,0,0,0,-0.023749181160347632
2023-01-28 18:14:00,ATM-WD,0.0,2293.57,85777.57,,0,0,0,0,-0.08431327059200894
2023-01-29 12:50:00,ATM-WD,1059.89,0.0,83812.07,,0,1,1,1,0.06541594314983679
2023-01-29 18:11:00,WEB-TRF,0.0,1936.41,87160.34,,0,0,0,0,-0.1158477616612934
2023-01-30 09:27:00,ATM-WD,1310.66,0.0,82285.73,,0,0,0,0,-0.1527958051248443
2023-02-01 05:03:00,X1/ATS,1663.24,0.0,17855.56,,0,0,0,0,-0.07077780839159631
2023-02-01 06:32:00,ATM-WD,648.93,0.0,17206.63,,0,0,0,0,-0.13455198302470212
2023-02-02 06:17:00,ATM-WD,0.0,45138.0,88449.0,,0,0,0,0,-0.11668338235646275
2023-02-02 07:05:00,ATM-WD,439.72,0.0,106164.72,,0,0,0,0,-0.15289082337650817
2023-02-03 13:52:00,X2/ATS,63125.0,0.0,119256.0,,0,0,0,0,-0.12899059484771513
2023-02-04 14:44:00,X1/ATS,0.0,132105.25,296670.36,,1,0,0,0,-0.14501037367170388
2023-02-06 09:36:00,ATM-WD,0.0,1802.86,20892.86,,0,0,0,0,-0.052261462811754034
2023-02-07 06:29:00,ATM-WD,836.97,0.0,324461.96,,0,0,0,0,-0.10918327306777015
2023-02-07 18:06:00,X1/ATS,0.0,2804.0,36211.0,,0,0,0,0,-0.14304516901509945
2023-02-08 04:49:00,WEB-TRF,1458.12,0.0,88524.07,,1,0,0,0,-0.1005933548360956
2023-02-09 21:30:00,ATM-WD,0.0,1290.85,91386.21,,0,0,0,0,-0.14235869379698862
2023-02-10 01:46:00,ATM-WD,0.0,499.23,35328.44,,1,0,0,0,-0.1253404863413305
2023-02-10 17:20:00,ATM-WD,6093.0,0.0,18004.0,,0,0,0,0,-0.11066935452893939
2023-02-10 20:35:00,X2/ATS,10945.0,0.0,31812.0,,0,1,1,0,-0.029368831090653358
2023-02-10 20:58:00,X1/ATS,0.0,24131.0,78374.0,,0,0,0,0,-0.1421654470121972
2023-02-12 04:02:00,ATM-WD,2734.97,0.0,87922.79,,1,0,0,0,-0.03534169819201616
2023-02-12 13:45:00,ATM-WD,0.0,11485.0,132809.0,,0,0,0,0,-0.10881749963881138
2023-02-13 04:06:00,X2/ATS,2793.69,0.0,41991.9,,1,0,0,0,-0.007139968715736966
2023-02-13 08:11:00,WEB-TRF,25363.0,0.0,146691.0,,0,0,0,0,-0.0735436874726838
2023-02-14 00:22:00,ATM-WD,0.0,600.83,20638.96,,0,0,0,0,-0.11063517679007423
2023-02-14 09:59:00,WEB-TRF,22027.0,0.0,217587.0,,0,0,0,0,-0.09393945701577272
2023-02-15 04:33:00,X1/ATS,23801.77,0.0,28532.78,,1,0,0,0,-0.14925833322506576
2023-02-16 06:33:00,ATM-WD,3027.82,0.0,26407.45,,0,0,0,0,-0.023532047339031026
2023-02-16 23:41:00,ATM-WD,3739.0,0.0,14265.0,,0,0,0,0,-0.08178839584020703
2023-02-18 02:35:00,ATM-WD,1389.05,0.0,21344.29,,1,0,0,0,-0.05280117092043757
2023-02-19 00:53:00,WEB-TRF,0.0,609.73,64401.18,,0,0,0,0,-0.16053123923756418
2023-02-21 04:04:00,ATM-WD,662.41,0.0,40801.02,,1,0,0,0,-0.16315950841439442
2023-02-21 17:41:00,ATM-WD,17927.0,0.0,76222.0,,0,0,0,0,-0.10616732732957729
2023-02-22 15:21:00,ATM-WD,25803.0,0.0,98205.0,,0,0,0,0,-0.04146616350796195
2023-02-22 18:29:00,ATM-WD,0.0,40654.0,139079.0,,0,0,0,0,-0.08285980383242958
2023-02-23 16:36:00,X2/ATS,5219.0,0.0,138482.0,,0,0,0,1,0.07849186753031845
2023-02-24 19:03:00,ATM-WD,0.0,40465.0,211548.0,,0,0,0,0,-0.15166115154788595
2023-02-25 09:04:00,ATM-WD,0.0,7664.0,157869.0,,0,0,0,0,-0.12698165158304742
2023-02-26 09:52:00,ATM-WD,0.0,1724.59,37945.34,,0,0,0,0,-0.13676357250308946
2023-02-27 16:43:00,WEB-TRF,0.0,28804.0,162208.0,,0,0,0,0,-0.16348405562867135
2023-03-01 04:45:00,WEB-TRF,1660.73,0.0,17246.35,,1,0,0,0,-0.09544688580298971
2023-03-02 15:30:00,WEB-TRF,6990.0,0.0,108898.0,,0,0,0,0,-0.10057395692245047
2023-03-03 15:02:00,X1/ATS,0.0,18320.0,183642.0,,0,0,0,0,-0.04106361743230025
2023-03-04 16:06:00,ATM-WD,5250.0,0.0,209574.0,,0,0,0,0,-0.14961868052192506
2023-03-06 23:37:00,WEB-TRF,0.0,71154.0,342104.0,,0,0,0,0,-0.11092601718416284
2023-03-07 16:27:00,ATM-WD,0.0,370.08,208964.17,,0,0,0,0,-0.1524790866850575
2023-03-09 01:41:00,ATM-WD,0.0,642.06,206471.76,,1,1,1,1,0.024329652831354243
2023-03-09 01:56:00,X2/ATS,2282.32,0.0,204189.44,,1,0,0,0,-0.06400936636468302
2023-03-14 19:18:00,ATM-WD,0.0,1864.84,70601.02,,0,0,0,0,-0.09309773368576796
2023-03-15 01:03:00,ATM-WD,21508.74,0.0,188216.79,,1,0,0,0,-0.07356074499031745
2023-03-15 01:09:00,WEB-TRF,0.0,18463.0,413573.0,,1,0,0,0,-0.15940255275682796
2023-03-15 10:57:00,ATM-WD,0.0,1649.96,209725.53,,0,0,0,0,-0.09933899389359602
2023-03-16 11:58:00,X1/ATS,0.0,66984.0,219770.0,,0,1,1,1,0.014843385983078994
2023-03-20 10:10:00,WEB-TRF,991.87,0.0,18178.11,,0,0,0,0,-0.1103590974511855
2023-03-20 14:37:00,ATM-WD,1307.63,0.0,21060.69,,0,0,0,0,-0.04047991150188657
2023-03-22 19:19:00,ATM-WD,11164.0,0.0,72443.0,,0,0,0,0,-0.1517743650901764
2023-03-27 03:20:00,ATM-WD,1664.49,0.0,22306.51,,1,0,0,0,-0.08548121647067769
2023-03-28 10:34:00,X1/ATS,311.72,0.0,217469.09,,0,0,0,0,-0.05824163614403943
2023-03-29 11:53:00,X1/ATS,0.0,50284.0,219163.0,,0,0,0,0,-0.10048425752196066
2023-03-30 09:54:00,WEB-TRF,454.0,0.0,115888.0,,0,0,0,0,-0.1549781211809153
2023-04-01 00:21:00,ATM-WD,0.0,2367.05,222208.56,,0,0,0,0,-0.08964994922570108
2023-04-01 03:10:00,WEB-TRF,0.0,1279.79,57907.92,,1,1,1,0,-0.008953551811412996
2023-04-02 21:35:00,X2/ATS,2181.72,0.0,60921.07,,0,0,0,0,-0.0941789251038706
2023-04-03 14:13:00,ATM-WD,48700.0,0.0,57103.0,,0,0,0,0,-0.09514700006417642
2023-04-04 00:08:00,X1/ATS,0.0,71593.0,144473.0,,0,1,1,0,-0.0019072096914345416
2023-04-05 06:06:00,ATM-WD,783.14,0.0,39942.43,,0,0,0,0,-0.12020862905229401
2023-04-06 04:19:00,X2/ATS,10432.0,0.0,10636.0,,1,0,0,0,-0.12349117366532264
2023-04-06 07:04:00,ATM-WD,1524.69,0.0,192690.21,,0,0,0,0,-0.051776642766470204
2023-04-07 21:57:00,C1/ATS,214.7,0.0,40134.15,,1,0,0,0,-0.12924998624583106
2023-04-08 03:57:00,X2/ATS,0.0,10817.96,12481.77,,1,0,0,0,-0.14404849884540227
2023-04-13 21:14:00,WEB-TRF,0.0,43627.0,149906.0,,0,0,0,0,-0.12122177911555249
2023-04-14 16:24:00,X1/ATS,616.56,0.0,57966.72,,0,0,0,0,-0.1298394193995257
2023-04-14 18:03:00,ATM-WD,0.0,11392.0,108344.0,,0,1,1,0,-0.026187086839115303
2023-04-16 02:13:00,X2/ATS,1088.05,0.0,13610.66,,1,0,0,0,-0.08679961224454963
2023-04-17 23:05:00,ATM-WD,0.0,1627.0,6170.0,,0,0,0,0,-0.10636387159646504
2023-04-18 08:36:00,X1/ATS,0.0,111859.0,338586.0,,0,0,0,0,-0.14370976343482772
2023-04-21 00:50:00,ATM-WD,0.0,383.7,37634.69,,0,0,0,0,-0.05516580090110479
2023-04-21 13:03:00,ATM-WD,629.79,0.0,3318.72,,0,0,0,0,-0.14439808471884186
2023-04-22 18:59:00,X1/ATS,0.0,45490.0,395110.0,,0,0,0,0,-0.16066154172640906
2023-04-27 09:37:00,ATM-WD,0.0,709.42,8331.78,,0,0,0,0,-0.08947919097082568
2023-04-30 13:06:00,ATM-WD,0.0,82536.0,657186.0,,0,0,0,0,-0.16421358324218938
2023-05-02 00:16:00,ATM-WD,299.59,0.0,2649.73,,0,0,0,0,-0.0690836352147387
2023-05-04 01:37:00,X2/ATS,1500.54,0.0,151361.08,,1,0,0,0,-0.10876110633560143
2023-05-05 16:58:00,X1/ATS,1091.81,0.0,1139.67,,0,0,0,0,-0.12718020720902284
2023-05-07 04:12:00,ATM-WD,11190.1,0.0,22382.1,,1,0,0,0,-0.08848423904682895
2023-05-08 08:42:00,ATM-WD,0.0,14405.0,251155.0,,0,1,1,1,0.004404899030454268
2023-05-09 01:32:00,X2/ATS,1305.11,0.0,62955.64,,1,0,0,0,-0.13257365023986667
2023-05-09 23:01:00,X2/ATS,0.0,10180.71,28256.99,,0,0,0,0,-0.08118777025600832
2023-05-10 02:01:00,WEB-TRF,175.09,0.0,145669.59,,1,0,0,0,-0.13653752768165084
2023-05-10 12:54:00,ATM-WD,0.0,45409.0,174204.0,,0,0,0,0,-0.11887936015629386
2023-05-11 18:17:00,X1/ATS,0.0,1488.0,44585.0,,0,0,0,0,-0.13412148591611062
2023-05-11 20:03:00,ATM-WD,0.0,57309.0,258477.0,,0,0,0,0,-0.08096249491273982
2023-05-14 00:34:00,WEB-TRF,0.0,1967.76,145967.4,,0,0,0,0,-0.1384914189107455
2023-05-15 10:45:00,WEB-TRF,421.55,0.0,28.58,,0,0,0,0,-0.12227804639448936
2023-05-16 09:20:00,ATM-WD,0.0,30648.0,255050.0,,0,0,0,0,-0.11301663096585007
2023-05-21 00:52:00,WEB-TRF,0.0,23589.0,276351.0,,0,0,0,0,-0.1581350725564986
2023-05-21 01:04:00,WEB-TRF,0.0,1582.16,276689.76,,1,0,0,0,-0.13469629383802506
2023-05-26 05:24:00,X2/ATS,0.0,1027.9,2772.55,,0,0,0,0,-0.11373810246561633
2023-05-27 03:26:00,WEB-TRF,9747.0,0.0,24485.0,,1,0,0,0,-0.16460193099113746
2023-05-29 21:48:00,X1/ATS,0.0,250.19,18713.66,,0,0,0,0,-0.11825195905877289
2023-05-30 00:52:00,ATM-WD,0.0,5746.61,10064.56,,0,0,0,0,-0.1367846227095848
2023-05-31 00:55:00,X2/ATS,1139.0,0.0,1714.0,,0,0,0,0,-0.10971747427164269
2023-06-01 06:41:00,ATM-WD,108063.0,0.0,164981.0,,0,0,0,0,-0.14736745292792597
2023-06-02 10:13:00,ATM-WD,1266.18,0.0,161304.81,,0,0,0,0,-0.16684726832966723
2023-06-02 12:18:00,X2/ATS,20675.0,0.0,66739.0,,0,0,0,1,0.023765836624583425
2023-06-02 21:14:00,ATM-WD,15024.0,0.0,273149.0,,0,0,0,0,-0.05485852168799121
2023-06-03 00:02:00,WEB-TRF,2808.58,0.0,50774.64,,0,0,0,0,-0.13239311475015186
2023-06-03 03:56:00,ATM-WD,1000.0,0.0,234115.0,,1,1,1,0,-0.05049378603271171
2023-06-06 14:37:00,WEB-TRF,38273.0,0.0,163963.0,,0,1,1,0,-0.06351600321854689
2023-06-06 16:31:00,WEB-TRF,0.0,25155.0,223857.0,,0,1,1,1,0.02700130160666392
2023-06-08 17:51:00,ATM-WD,1504.8,0.0,18719.79,,0,0,0,0,-0.016654118815684793
2023-06-09 04:46:00,WEB-TRF,87727.0,0.0,64271.0,,1,0,0,0,-0.1369058500983349
2023-06-09 05:11:00,ATM-WD,671.23,0.0,304352.21,,0,0,0,0,-0.1181796756790669
2023-06-09 23:22:00,WEB-TRF,0.0,6684.0,130781.0,,0,0,0,0,-0.12051681614254872
2023-06-10 03:17:00,WEB-TRF,0.0,8623.0,32078.0,,1,1,1,0,-0.048575111429852824
2023-06-11 04:05:00,WEB-TRF,0.0,2903.0,24876.0,,1,1,1,0,-0.0357592797705113
2023-06-12 14:55:00,WEB-TRF,1929.0,0.0,4776.0,,0,1,1,0,-0.05063539082605195
2023-06-12 16:11:00,WEB-TRF,48053.0,0.0,36315.0,,0,0,0,0,-0.11565667574249794
2023-06-14 21:50:00,X1/ATS,0.0,23886.0,235620.0,,0,0,0,0,-0.13821010226937375
2023-06-17 04:14:00,X1/ATS,0.0,3049.05,14543.01,,1,0,0,0,-0.09714405762692618
2023-06-17 07:21:00,X2/ATS,45375.0,0.0,241270.0,,0,1,1,1,0.017590678314352348
2023-06-17 09:34:00,WEB-TRF,6867.0,0.0,5493.0,,0,1,1,1,0.007041195349144935
2023-06-17 12:25:00,WEB-TRF,0.0,3627.0,23318.0,,0,1,1,0,-0.0018672550537166543
2023-06-19 20:44:00,X2/ATS,161.96,0.0,56581.23,,0,0,0,0,-0.1526734690612933
2023-06-20 06:48:00,X1/ATS,0.0,880.84,54834.5,,0,0,0,0,-0.0937777849397971
2023-06-21 07:37:00,X1/ATS,0.0,1421.24,59951.17,,0,1,1,1,0.029719941886444445
2023-06-21 08:16:00,ATM-WD,0.0,852.43,2816.21,,0,0,0,0,-0.0887032726135592
2023-06-22 08:44:00,WEB-TRF,0.0,84664.0,167202.0,,0,1,1,0,-0.025851247552719503
2023-06-23 18:26:00,ATM-WD,0.0,51075.0,151642.0,,0,0,0,0,-0.01820826792488006
2023-06-25 19:53:00,ATM-WD,0.0,1286.7,17990.54,,0,0,0,0,-0.0955121631192839
2023-06-25 23:25:00,X1/ATS,0.0,27932.0,41746.0,,0,0,0,0,-0.07239809037562539
2023-06-26 13:09:00,X1/ATS,0.0,90261.0,263091.0,,0,1,1,0,-0.004965073924686481
2023-06-26 22:19:00,ATM-WD,7673.0,0.0,17203.0,,0,0,0,0,-0.13523370925267542
2023-06-27 01:06:00,ATM-WD,1253.73,0.0,54808.64,,1,0,0,0,-0.1370066847309293
2023-06-27 05:29:00,X1/ATS,0.0,49325.0,142681.0,,0,0,0,0,-0.056573643404265295
2023-06-27 09:08:00,ATM-WD,42566.0,0.0,177717.0,,0,0,0,0,-0.035717524522589916
2023-06-27 11:23:00,ATM-WD,0.0,620.0,9482.0,,0,0,0,0,-0.08100737110901512
2023-06-28 03:06:00,WEB-TRF,521.3,0.0,21544.18,,1,0,0,0,-0.08187129349296013
2023-06-28 07:19:00,ATM-WD,0.0,112087.0,215203.0,,0,0,0,0,-0.15126916383884725
2023-06-29 16:47:00,X2/ATS,38424.0,0.0,185568.0,,0,0,0,0,-0.0890935199929338
2023-07-02 06:14:00,X1/ATS,0.0,23925.0,117364.0,,0,0,0,0,-0.09320383668355936
2023-07-02 15:27:00,ATM-WD,0.0,40817.0,316795.0,,0,0,0,0,-0.08641509560995853
2023-07-03 00:59:00,WEB-TRF,0.0,59079.0,109189.0,,0,0,0,0,-0.08919804100511763
2023-07-03 02:04:00,X1/ATS,0.0,17007.0,291054.0,,1,0,0,0,-0.15660989760976785
2023-07-03 03:22:00,ATM-WD,0.0,642.89,60882.64,,1,1,1,0,-0.010996517953647755
2023-07-03 08:08:00,X1/ATS,0.0,28744.0,32897.0,,0,0,0,0,-0.16524395455708518
2023-07-03 23:28:00,X1/ATS,0.0,31287.0,236750.0,,0,0,0,0,-0.1277382407560022
2023-07-04 18:13:00,WEB-TRF,2615.81,0.0,1213.07,,0,0,0,0,-0.08648094937385664
2023-07-07 15:18:00,WEB-TRF,0.0,24073.0,116363.0,,0,0,0,0,-0.13810785556253413
2023-07-08 09:33:00,ATM-WD,0.0,64933.0,93771.0,,0,1,1,1,0.018759104134049576
2023-07-10 13:38:00,WEB-TRF,1411.77,0.0,58850.37,,0,0,0,0,-0.046805044259108586
2023-07-13 19:05:00,ATM-WD,16766.0,0.0,140391.0,,0,0,0,0,-0.13596308774149563
2023-07-15 02:15:00,WEB-TRF,0.0,114367.0,243481.0,,1,0,0,0,-0.09849728274607106
2023-07-16 02:24:00,ATM-WD,0.0,1395.99,50323.69,,1,0,0,0,-0.06300671599773666
2023-07-19 06:53:00,WEB-TRF,0.0,26532.0,134701.0,,0,0,0,0,-0.15156338752250492
2023-07-20 14:50:00,ATM-WD,123926.0,0.0,197321.0,,0,0,0,0,-0.09103029968817011
2023-07-20 22:10:00,ATM-WD,1434.39,0.0,5324.64,,0,1,1,0,-0.01159675138294436
2023-07-22 15:12:00,X1/ATS,0.0,8318.0,210709.0,,0,0,0,0,-0.07094614900716978
2023-07-25 13:34:00,X1/ATS,0.0,44461.0,126582.0,,0,0,0,0,-0.07659406580900707
2023-07-26 00:09:00,WEB-TRF,2659.0,0.0,171584.0,,0,0,0,0,-0.14093110756851612
2023-07-26 01:23:00,X2/ATS,0.0,1275.12,9167.88,,1,0,0,0,-0.11918390731464479
2023-07-28 06:12:00,ATM-WD,917.4,0.0,59762.26,,0,0,0,0,-0.12474192597123096
2023-07-28 11:43:00,WEB-TRF,0.0,45538.0,85059.0,,0,0,0,0,-0.07492638241207872
2023-08-02 07:03:00,WEB-TRF,16127.0,0.0,135641.0,,0,0,0,0,-0.14530990901378926
2023-08-02 09:08:00,ATM-WD,1979.12,0.0,180495.81,,0,0,0,1,0.05444826643065259
2023-08-02 10:05:00,X1/ATS,0.0,13695.0,185843.0,,0,0,0,0,-0.14081562116265295
2023-08-04 23:47:00,ATM-WD,118498.0,0.0,108076.0,,0,0,0,0,-0.10956012093177914
2023-08-06 22:03:00,ATM-WD,2245.92,0.0,13502.93,,0,0,0,0,-0.10428828736490492
2023-08-07 05:55:00,X2/ATS,2762.0,0.0,66403.0,,0,0,0,0,-0.10783074206167503
2023-08-07 07:34:00,WEB-TRF,0.0,11961.0,143817.0,,0,0,0,0,-0.09173154800314343
2023-08-07 19:47:00,ATM-WD,0.0,2098.05,5540.3,,0,0,0,0,-0.06755825684252426
2023-08-07 21:59:00,ATM-WD,35243.0,0.0,82121.0,,0,0,0,0,-0.09493109654473464
2023-08-08 06:16:00,ATM-WD,32234.0,0.0,189089.0,,0,0,0,0,-0.08986411055798516
2023-08-09 00:12:00,ATM-WD,2330.95,0.0,878.4,,0,0,0,1,0.019110417166060656
2023-08-09 23:05:00,ATM-WD,0.0,6808.79,45305.8,,0,0,0,0,-0.10388850233826163
2023-08-11 06:54:00,ATM-WD,44732.0,0.0,90869.0,,0,0,0,0,-0.050522732056676345
2023-08-11 07:06:00,WEB-TRF,0.0,1446.56,6152.78,,0,0,0,0,-0.1386610058307795
2023-08-11 10:15:00,WEB-TRF,26288.0,0.0,34361.0,,0,0,0,1,0.017158847136536814
2023-08-11 18:59:00,WEB-TRF,1048.54,0.0,27247.45,,0,0,0,0,-0.06794450788592221
2023-08-14 19:34:00,ATM-WD,0.0,14171.0,137475.0,,0,1,1,0,-0.012472148606020195
2023-08-15 09:05:00,ATM-WD,50409.0,0.0,85232.0,,0,0,0,0,-0.10789784290998522
2023-08-16 05:52:00,X1/ATS,0.0,2080.45,181536.56,,0,0,0,0,-0.16132633156440856
2023-08-18 13:59:00,WEB-TRF,0.0,995.71,49587.01,,0,1,1,0,-0.054434589623929
2023-08-20 03:58:00,ATM-WD,636.17,0.0,46087.7,,1,0,0,0,-0.06282325713905779
2023-08-20 04:09:00,WEB-TRF,6981.0,0.0,203247.0,,1,0,0,0,-0.14830786059571338
2023-08-24 22:27:00,X1/ATS,0.0,751.88,48256.57,,0,0,0,1,0.0908097972717411
2023-08-25 08:23:00,WEB-TRF,0.0,427.15,1664.29,,0,1,1,1,0.1167928738741909
2023-08-25 14:42:00,ATM-WD,779.09,0.0,47477.48,,0,1,1,0,-0.059068728399862436
2023-08-26 06:51:00,X2/ATS,0.0,896.34,181872.24,,0,1,1,0,-0.008388539420655206
2023-08-26 13:50:00,X1/ATS,0.0,16554.0,429467.0,,0,0,0,0,-0.14776026916719937
2023-08-26 15:27:00,WEB-TRF,0.0,89452.0,203423.0,,0,0,0,0,-0.1308066483209575
2023-08-26 22:18:00,ATM-WD,0.0,26052.0,162972.0,,0,0,0,0,-0.10215915503861545
2023-08-27 07:14:00,ATM-WD,0.0,24153.0,104586.0,,0,0,0,0,-0.09369642386238347
2023-08-27 20:33:00,ATM-WD,0.0,24064.0,73188.0,,0,0,0,0,-0.06968263384859985
2023-08-31 07:57:00,X2/ATS,776.55,0.0,82226.0,,0,1,1,1,0.0025544122588075924
2023-09-01 05:08:00,ATM-WD,0.0,2164.73,3568.11,,0,0,0,0,-0.13458320534326135
2023-09-01 06:34:00,ATM-WD,1349.69,0.0,129242.49,,0,0,0,0,-0.16236797781732332
2023-09-01 20:25:00,ATM-WD,0.0,80006.0,223808.0,,0,0,0,0,-0.06261623070015265
2023-09-03 04:45:00,ATM-WD,7247.77,0.0,77774.81,,1,0,0,0,-0.09951755101900922
2023-09-03 14:40:00,X2/ATS,695.66,0.0,85022.58,,0,0,0,0,-0.07047061706997504
2023-09-06 18:36:00,ATM-WD,0.0,1831.61,134240.46,,0,0,0,0,-0.11686012352613756
2023-09-07 06:15:00,ATM-WD,0.0,2022.38,84248.38,,0,1,1,0,-0.05990468535013915
2023-09-07 06:16:00,ATM-WD,0.0,70891.0,147935.0,,0,0,0,0,-0.09684099596560125
2023-09-08 06:54:00,ATM-WD,13486.0,0.0,26689.0,,0,0,0,0,-0.16008725706925547
2023-09-08 08:18:00,X1/ATS,0.0,5520.0,330681.0,,0,0,0,0,-0.047963656842186286
2023-09-08 08:22:00,WEB-TRF,0.0,360.32,72735.45,,0,1,1,0,-0.05611373768833783
2023-09-08 17:00:00,ATM-WD,0.0,56098.0,99182.0,,0,0,0,0,-0.11741588174501955
2023-09-09 11:24:00,WEB-TRF,0.0,769.73,135010.19,,0,0,0,0,-0.06250787010714787
2023-09-09 18:24:00,ATM-WD,0.0,2579.0,41037.0,,0,0,0,0,-0.14327166452475348
2023-09-10 08:11:00,ATM-WD,0.0,58541.0,353669.0,,0,1,1,0,-0.16185641715118426
2023-09-11 21:25:00,WEB-TRF,0.0,115951.0,275034.0,,0,1,1,1,0.008105034903085229
2023-09-12 14:54:00,WEB-TRF,1739.35,0.0,132399.09,,0,0,0,0,-0.0960805699111345
2023-09-12 20:58:00,WEB-TRF,0.0,941.02,9802.94,,0,0,0,0,-0.1579231744475897
2023-09-13 09:16:00,ATM-WD,0.0,770.52,18327.15,,0,0,0,0,-0.11089943631963406
2023-09-14 09:01:00,ATM-WD,0.0,1293.06,179788.41,,0,0,0,0,-0.0783990895180594
2023-09-15 00:02:00,WEB-TRF,0.0,816.71,31791.62,,0,1,1,0,-0.04840277745065358
2023-09-15 11:01:00,WEB-TRF,0.0,49170.0,193856.0,,0,0,0,0,-0.046217206837267266
2023-09-17 10:17:00,ATM-WD,918.49,0.0,8884.45,,0,1,1,0,-0.019681103601208116
2023-09-17 22:50:00,ATM-WD,0.0,55337.0,171018.0,,0,1,1,0,0.0007426863129538219
2023-09-18 09:09:00,ATM-WD,76986.0,0.0,69896.0,,0,0,0,0,-0.11836846205041479
2023-09-18 10:01:00,WEB-TRF,25427.0,0.0,38012.0,,0,0,0,0,-0.0825713635449517
2023-09-19 08:06:00,WEB-TRF,1014.86,0.0,19013.3,,0,0,0,0,-0.11832845313754337
2023-09-20 10:51:00,ATM-WD,117286.0,0.0,85472.0,,0,0,0,0,-0.14169040041908465
2023-09-20 11:55:00,X1/ATS,1446.17,0.0,5696.44,,0,0,0,0,-0.12349594221429999
2023-09-21 09:12:00,ATM-WD,0.0,778.77,37909.79,,0,0,0,0,-0.035404701173932906
2023-09-21 14:39:00,ATM-WD,998.1,0.0,71594.8,,0,0,0,0,-0.13245280296436807
2023-09-21 19:03:00,WEB-TRF,0.0,1122.78,17929.85,,0,0,0,0,-0.1438330097964592
2023-09-22 01:56:00,WEB-TRF,1865.02,0.0,16064.83,,1,0,0,0,-0.03818679001422687
2023-09-23 04:15:00,ATM-WD,0.0,1500.0,46443.0,,1,0,0,0,-0.10926182057002976
2023-09-23 07:42:00,ATM-WD,24508.0,0.0,25764.0,,0,0,0,0,-0.06893379432037883
2023-09-23 11:22:00,X1/ATS,0.0,7538.0,33593.0,,0,1,1,0,-0.12782468140847691
2023-09-24 11:21:00,X2/ATS,15626.0,0.0,176710.0,,0,0,0,0,-0.0779380557346856
2023-09-24 13:40:00,X1/ATS,0.0,2111.54,42476.97,,0,0,0,0,-0.13245492418973087
2023-09-25 17:38:00,X1/ATS,0.0,61773.0,216152.0,,0,0,0,0,-0.0838131908126144
2023-09-28 12:13:00,X1/ATS,1116.07,0.0,68705.9,,0,0,0,0,-0.08816940336901463
2023-09-28 18:59:00,X2/ATS,1997.0,0.0,43084.0,,0,0,0,0,-0.16769713448091306
2023-09-28 22:31:00,ATM-WD,28335.0,0.0,45251.0,,0,0,0,0,-0.0890278734068854
2023-09-29 10:47:00,WEB-TRF,0.0,106910.0,765132.0,,0,0,0,0,-0.1371043663435373
2023-09-30 07:59:00,ATM-WD,113894.0,0.0,77783.0,,0,0,0,0,-0.14621069597918296
2023-09-30 17:23:00,X2/ATS,74824.0,0.0,65929.0,,0,0,0,0,-0.16455439876255967
2023-10-03 19:57:00,ATM-WD,786.28,0.0,49498.02,,0,0,0,0,-0.0911363022134492
2023-10-05 03:11:00,ATM-WD,0.0,18464.01,22028.42,,1,1,1,0,-0.05072913791227718
2023-10-05 22:02:00,ATM-WD,315.42,0.0,31296.56,,0,0,0,0,-0.10932180551283843
2023-10-10 02:58:00,ATM-WD,0.0,147.67,3344.28,,1,0,0,0,-0.11929661810783954
2023-10-11 13:32:00,ATM-WD,81406.0,0.0,93871.0,,0,0,0,0,-0.11114131595260945
2023-10-13 04:06:00,WEB-TRF,0.0,54711.0,297949.0,,1,0,0,0,-0.12073156611423158
2023-10-13 23:00:00,WEB-TRF,6241.0,0.0,30388.0,,0,0,0,0,-0.10448602891456887
2023-10-14 07:39:00,X2/ATS,14041.0,0.0,11927.0,,0,1,1,1,0.058080229011734597
2023-10-14 19:26:00,X2/ATS,469.0,0.0,4892.0,,0,1,1,1,0.0034225982505782238
2023-10-15 10:36:00,ATM-WD,0.0,1179.84,5411.98,,0,0,0,0,-0.0457823663124709
2023-10-20 03:39:00,ATM-WD,0.0,293.84,26183.97,,1,0,0,0,-0.06710215602119463
2023-10-21 17:08:00,ATM-WD,0.0,13016.0,310965.0,,0,0,0,0,-0.0875246065359706
2023-10-21 17:13:00,X2/ATS,0.0,2697.3,57513.58,,0,0,0,0,-0.06495310020834144
2023-10-22 23:29:00,ATM-WD,21336.0,0.0,129653.0,,0,0,0,0,-0.042245238217169634
2023-10-27 01:03:00,X1/ATS,0.0,1884.38,71949.16,,1,0,0,0,-0.15758386108527866
2023-10-28 09:08:00,X1/ATS,0.0,27960.0,145885.0,,0,0,0,0,-0.09892810945157188
2023-10-29 01:15:00,ATM-WD,0.0,21.94,54331.67,,1,0,0,0,-0.08638895424840898
2023-10-29 18:18:00,ATM-WD,5979.0,0.0,35919.0,,0,0,0,0,-0.10816290012182705
2023-10-29 18:46:00,ATM-WD,0.0,1104.28,55435.95,,0,0,0,0,-0.07076412599313664
2023-10-30 02:50:00,WEB-TRF,0.0,6892.0,313318.0,,1,0,0,0,-0.13292238766864267
2023-10-30 10:09:00,WEB-TRF,185694.0,0.0,196592.0,,1,0,0,0,-0.12810920987801738
2023-10-31 13:38:00,X2/ATS,20311.0,0.0,20648.0,,0,0,0,0,-0.13802646070456126
2023-11-03 07:33:00,ATM-WD,338.6,0.0,55097.35,,0,0,0,0,-0.12874668635694897
2023-11-05 06:31:00,ATM-WD,0.0,837.97,22249.09,,0,1,1,0,-0.06533410003491591
2023-11-06 10:47:00,X1/ATS,0.0,59140.0,117925.0,,0,0,0,0,-0.15529922547772412
2023-11-08 09:31:00,WEB-TRF,748.94,0.0,20149.36,,0,0,0,0,-0.14484228762078627
2023-11-08 17:11:00,ATM-WD,0.0,10083.81,21017.54,,0,0,0,0,-0.1393733797586838
2023-11-09 07:54:00,X1/ATS,0.0,76127.0,120705.0,,0,1,1,0,-0.030643068278475183
2023-11-10 20:22:00,ATM-WD,7551.0,0.0,5396.0,,0,0,0,0,-0.09769506316312199
2023-11-12 14:36:00,WEB-TRF,5.0,0.0,19562.61,,0,1,1,1,0.026301517958559728
2023-11-12 23:38:00,ATM-WD,0.0,39863.0,169758.0,,0,0,0,0,-0.09865859767341473
2023-11-14 01:17:00,X1/ATS,0.0,4937.0,34310.0,,1,0,0,0,-0.11420278746396872
2023-11-14 06:16:00,WEB-TRF,0.0,1448.22,55710.42,,0,0,0,0,-0.14922912300485314
2023-11-15 02:36:00,ATM-WD,1445.1,0.0,36097.95,,1,1,1,0,-0.05755787501839782
2023-11-15 09:33:00,WEB-TRF,0.0,66737.0,197254.0,,0,0,0,0,-0.11091247301292428
2023-11-15 23:23:00,ATM-WD,17477.31,0.0,24722.88,,0,0,0,0,-0.10272670111953608
2023-11-16 21:33:00,X2/ATS,828.06,0.0,59583.69,,0,0,0,0,-0.129775554296352
2023-11-17 19:37:00,ATM-WD,1082.46,0.0,37027.14,,0,0,0,0,-0.10315975364989316
2023-11-18 07:21:00,WEB-TRF,1565.64,0.0,40634.55,,0,1,1,0,-0.0555008369871538
2023-11-18 15:20:00,ATM-WD,0.0,33524.0,156249.0,,0,0,0,0,-0.12477630563208475
2023-11-22 22:00:00,ATM-WD,0.0,1010.93,4952.92,,0,1,1,0,-0.0037241407200947485
2023-11-23 09:30:00,X1/ATS,0.0,90126.0,301746.0,,0,0,0,0,-0.14806204758787378
2023-11-23 13:12:00,ATM-WD,0.0,76990.0,410562.0,,0,0,0,0,-0.1440342930859111
2023-11-23 19:08:00,WEB-TRF,0.0,958.61,37985.75,,0,1,1,1,0.025792650502658887
2023-11-26 19:21:00,X2/ATS,0.0,1150.09,39135.84,,0,0,0,0,-0.09903417912830303
2023-11-28 15:24:00,ATM-WD,0.0,70880.0,384600.0,,0,0,0,0,-0.11288902309352611
2023-12-05 21:39:00,WEB-TRF,0.0,46521.0,492321.0,,0,0,0,0,-0.12991921439241333
2023-12-08 22:51:00,WEB-TRF,212916.0,0.0,224518.0,,1,0,0,0,-0.14699978806805486
2023-12-11 12:54:00,X1/ATS,474.61,0.0,57170.08,,0,0,0,0,-0.0852423132027959
2023-12-16 09:07:00,WEB-TRF,0.0,221.52,35829.41,,0,0,0,0,-0.02850683192320469
2023-12-18 02:45:00,ATM-WD,1133.26,0.0,29308.09,,1,0,0,0,-0.030714269731035748
2023-12-18 14:51:00,X2/ATS,755.06,0.0,35074.35,,0,1,1,0,-0.04798554891652829
2023-12-19 10:16:00,X1/ATS,880.1,0.0,29141.84,,0,0,0,0,-0.0928201507932877
2023-12-19 16:24:00,ATM-WD,0.0,116414.0,671946.0,,0,0,0,0,-0.12228064763942964
2023-12-20 21:37:00,X2/ATS,770.4,0.0,3915.22,,0,0,0,0,-0.02030113125347266
2023-12-22 14:15:00,ATM-WD,2878.0,0.0,341869.0,,0,0,0,0,-0.1096449456105777
2023-12-23 01:45:00,ATM-WD,0.0,1500.0,80718.0,,1,1,1,1,0.02484141509346749
2023-12-23 09:12:00,ATM-WD,0.0,11585.0,293526.0,,0,0,0,0,-0.07363964914547794
2023-12-25 00:55:00,X1/ATS,0.0,13638.0,203791.0,,0,0,0,0,-0.08840108024896909
2023-12-28 04:43:00,ATM-WD,0.0,658.54,31514.21,,1,0,0,0,-0.06856460473347659
2023-12-28 16:33:00,WEB-TRF,0.0,20059.0,199025.0,,0,0,0,0,-0.061751138784078785
2023-12-31 11:12:00,X2/ATS,0.0,50.0,23758.08,,0,0,0,0,-0.07954296311500025
2023-12-31 23:08:00,X1/ATS,240.64,0.0,22987.49,,0,1,1,0,-0.028289428383432846
2024-01-01 03:06:00,WEB-TRF,287.7,0.0,3279.0,,1,1,1,1,0.009494178445195622
2024-01-02 19:24:00,X1/ATS,1128.21,0.0,59289.55,,0,0,0,0,-0.12447411086027199
2024-01-05 22:06:00,ATM-WD,0.0,1292.27,88997.13,,0,0,0,0,-0.1333528567332834
2024-01-07 14:13:00,ATM-WD,0.0,1055.49,3246.93,,0,0,0,0,-0.04786053882126973
2024-01-07 16:15:00,X1/ATS,0.0,724.13,27932.38,,0,1,1,0,-0.05081215013660667
2024-01-08 12:21:00,WEB-TRF,1132.4,0.0,62089.87,,0,0,0,0,-0.1378441453595835
2024-01-09 13:20:00,X1/ATS,0.0,6186.0,9895.0,,0,0,0,0,-0.08705931779288456
2024-01-11 14:28:00,ATM-WD,0.0,1701.42,29970.96,,0,0,0,0,-0.021697262013257057
2024-01-12 10:17:00,WEB-TRF,0.0,45107.0,196812.0,,0,0,0,0,-0.13948704742015805
2024-01-13 09:08:00,WEB-TRF,45704.0,0.0,409728.0,,0,0,0,0,-0.09393870397479243
2024-01-13 21:36:00,ATM-WD,0.0,69041.0,380006.0,,0,0,0,0,-0.11172714395612299
2024-01-14 04:53:00,CASH-DEP,0.0,19577.76,29079.54,,1,0,0,0,-0.04815683889109501
2024-01-14 13:58:00,ATM-WD,0.0,2100.02,89073.92,,0,1,1,0,-0.028664982161693886
2024-01-14 17:12:00,ATM-WD,0.0,99216.0,336137.0,,0,0,0,0,-0.06367042329728756
2024-01-15 02:20:00,ATM-WD,14505.71,0.0,14517.56,,1,0,0,0,-0.08567338833119453
2024-01-15 03:52:00,WEB-TRF,0.0,1777.88,28792.59,,1,0,0,0,-0.09384141788780864
2024-01-16 05:10:00,WEB-TRF,0.0,354.63,59817.18,,0,1,1,0,-0.04178751998757524
2024-01-16 18:59:00,ATM-WD,32635.0,0.0,38319.0,,0,0,0,0,-0.12881431140552096
2024-01-18 03:32:00,WEB-TRF,810.8,0.0,14621.08,,1,0,0,0,-0.06692056953236014
2024-01-18 07:09:00,WEB-TRF,0.0,1223.84,12121.84,,0,1,1,0,-0.022009453807738666
2024-01-18 09:37:00,ATM-WD,0.0,1682.8,65702.2,,0,0,0,0,-0.15923163578166816
2024-01-18 12:19:00,ATM-WD,2103.77,0.0,86361.65,,0,0,0,0,-0.1030199284938445
2024-01-19 03:03:00,ATM-WD,0.0,2108.41,87850.73,,1,0,0,0,-0.1256829726659806
2024-01-19 20:07:00,ATM-WD,259.21,0.0,87591.52,,0,0,0,0,-0.071658820964694
2024-01-20 14:21:00,X2/ATS,0.0,210.48,17684.69,,0,0,0,0,-0.15234561332248192
2024-01-21 12:06:00,ATM-WD,202.68,0.0,32398.29,,0,0,0,0,-0.1593237090504958
2024-01-22 09:34:00,ATM-WD,0.0,1264.33,92756.68,,0,1,1,0,-0.04118664754713797
2024-01-22 13:51:00,WEB-TRF,0.0,1005.4,19014.9,,0,0,0,0,-0.08124806312006277
2024-01-22 20:34:00,WEB-TRF,1267.83,0.0,91488.85,,0,0,0,0,-0.13367188367406857
2024-01-23 09:04:00,WEB-TRF,0.0,970.3,92459.15,,0,0,0,0,-0.12161466271040344
2024-01-23 12:51:00,X1/ATS,0.0,47707.0,216507.0,,0,0,0,0,-0.1485819619500196
2024-01-24 07:51:00,ATM-WD,0.0,918.84,14882.5,,0,0,0,0,-0.11792315752199783
2024-01-29 02:40:00,WEB-TRF,0.0,11692.0,110372.0,,1,0,0,0,-0.06151804834631969
2024-01-30 02:47:00,X2/ATS,0.0,608.87,15250.81,,1,0,0,0,-0.16488838713135923
2024-01-31 09:44:00,ATM-WD,2152.95,0.0,132890.59,,0,0,0,0,-0.15115664858650496
2024-01-31 10:32:00,ATM-WD,106777.0,0.0,113238.0,,0,0,0,0,-0.11538990108633329
2024-02-01 02:22:00,X1/ATS,0.0,70527.0,179433.0,,1,1,1,0,-0.0014480097770570577
2024-02-01 03:11:00,WEB-TRF,19091.0,0.0,12947.0,,1,0,0,0,-0.1314266955687004
2024-02-03 21:18:00,WEB-TRF,98074.0,0.0,121338.0,,0,0,0,1,0.022376791318789557
2024-02-04 07:51:00,WEB-TRF,33409.0,0.0,368605.0,,0,0,0,0,-0.08326137455529276
2024-02-05 13:47:00,ATM-WD,0.0,62295.0,291736.0,,0,0,0,0,-0.12090495744020585
2024-02-05 14:09:00,X1/ATS,0.0,1227.07,135456.77,,0,0,0,0,-0.13015201176371322
2024-02-05 18:02:00,ATM-WD,0.0,70684.0,261477.0,,0,0,0,0,-0.1513171804450621
2024-02-06 08:10:00,ATM-WD,0.0,46248.0,507636.0,,0,1,1,0,-0.06857148686447412
2024-02-08 09:11:00,X2/ATS,0.0,1330.37,137356.57,,0,0,0,0,-0.08723594344162339
2024-02-09 19:01:00,X1/ATS,0.0,44886.0,461388.0,,0,0,0,0,-0.037659108556236554
2024-02-10 03:52:00,ATM-WD,0.0,971.98,217099.32,,1,0,0,0,-0.15710622940166058
2024-02-12 13:05:00,ATM-WD,1108.77,0.0,214964.71,,0,0,0,0,-0.14519262674681216
2024-02-12 13:33:00,X1/ATS,0.0,46901.0,119131.0,,0,1,1,0,0.0006137122422179564
2024-02-12 22:32:00,X1/ATS,0.0,915.34,200708.93,,0,0,0,0,-0.12124381253328109
2024-02-15 11:19:00,ATM-WD,0.0,9643.0,29170.0,,0,0,0,0,-0.13087518366281775
2024-02-16 15:38:00,ATM-WD,2416.07,0.0,197610.56,,0,1,1,0,-0.017871458702307663
2024-02-16 15:41:00,X1/ATS,0.0,23507.0,141827.0,,0,0,0,0,-0.13509824521224822
2024-02-20 12:51:00,X2/ATS,25692.0,0.0,60341.0,,0,1,1,0,-0.009080195363429189
2024-02-22 04:35:00,WEB-TRF,0.0,36421.0,108906.0,,1,0,0,0,-0.14853511672014946
2024-02-22 14:32:00,ATM-WD,0.0,24612.0,84953.0,,0,0,0,0,-0.03930977547966874
2024-02-23 04:37:00,WEB-TRF,18774.89,0.0,174604.17,,1,0,0,0,-0.05968623733232592
2024-02-27 02:26:00,WEB-TRF,0.0,17416.0,402014.0,,1,0,0,0,-0.075939772613628
2024-02-27 14:51:00,ATM-WD,80870.0,0.0,142666.0,,0,0,0,0,-0.09568806346071357
2024-02-29 17:06:00,ATM-WD,0.0,40564.0,200381.0,,0,1,1,0,-0.06772081499053162
2024-02-29 19:47:00,WEB-TRF,21215.0,0.0,45026.0,,0,0,0,0,-0.12502522802836702
2024-03-01 12:12:00,ATM-WD,41512.0,0.0,66883.0,,0,0,0,0,-0.04235932388683317
2024-03-02 06:11:00,WEB-TRF,0.0,89684.0,407302.0,,0,0,0,0,-0.14448724032153182
2024-03-02 23:51:00,X1/ATS,13362.91,0.0,163927.45,,0,0,0,0,-0.08813147358224382
2024-03-03 07:25:00,X1/ATS,648.63,0.0,211089.19,,0,0,0,0,-0.07408309848484496
2024-03-04 21:36:00,ATM-WD,0.0,1670.6,165598.05,,0,0,0,0,-0.11207868316514497
2024-03-04 22:15:00,ATM-WD,28956.0,0.0,239033.0,,0,0,0,0,-0.08943449348237342
2024-03-05 09:01:00,WEB-TRF,64719.0,0.0,148222.0,,0,0,0,0,-0.1439140390138019
2024-03-06 00:12:00,ATM-WD,0.0,631.95,3655.51,,0,0,0,0,-0.14157575675144546
2024-03-06 17:45:00,ATM-WD,11027.0,0.0,14620.0,,0,0,0,0,-0.12692881753215174
2024-03-06 17:57:00,WEB-TRF,51672.0,0.0,189828.0,,0,1,1,0,-0.06207843563987092
2024-03-07 11:48:00,WEB-TRF,30167.0,0.0,241500.0,,0,0,0,0,-0.11115245495802939
2024-03-07 20:33:00,WEB-TRF,14959.0,0.0,97383.0,,0,0,0,0,-0.08934507834887734
2024-03-08 22:18:00,ATM-WD,0.0,270.49,209989.02,,0,0,0,0,-0.06904041385325865
2024-03-09 05:29:00,X2/ATS,0.0,1229.28,168898.3,,0,1,1,1,0.03605174728019567
2024-03-11 16:40:00,ATM-WD,0.0,44513.0,152426.0,,0,0,0,0,-0.016937502918605962
2024-03-12 11:41:00,WEB-TRF,110688.0,0.0,201622.0,,0,0,0,0,-0.10164695525302614
2024-03-12 17:29:00,X2/ATS,19617.0,0.0,20848.0,,0,0,0,0,-0.1536070848122313
2024-03-13 12:45:00,ATM-WD,0.0,36853.0,241220.0,,0,1,1,0,-0.0038046464855546747
2024-03-14 04:18:00,X2/ATS,57414.0,0.0,142967.0,,1,0,0,0,-0.13666901421060912
2024-03-14 04:36:00,X1/ATS,0.0,7249.0,50108.0,,1,1,1,0,-0.0024994533348763337
2024-03-14 11:09:00,ATM-WD,0.0,1760.87,169666.1,,0,0,0,0,-0.11653802115124678
2024-03-14 23:49:00,ATM-WD,6809.66,0.0,25779.99,,0,0,0,0,-0.10002779647801863
2024-03-15 08:56:00,ATM-WD,29237.0,0.0,216151.0,,0,0,0,0,-0.11496733404500198
2024-03-16 15:09:00,ATM-WD,0.0,58206.0,382818.0,,0,0,0,0,-0.08940940831078464
2024-03-16 16:35:00,X1/ATS,0.0,3828.0,12624.0,,0,0,0,0,-0.044717704222154264
2024-03-16 23:04:00,WEB-TRF,0.0,365.4,171284.17,,0,0,0,0,-0.1365959377874731
2024-03-18 02:59:00,X1/ATS,0.0,14051.0,215673.0,,1,0,0,0,-0.11823247873137921
2024-03-20 04:04:00,WEB-TRF,1368.0,0.0,169916.17,,1,0,0,0,-0.12481623663351527
2024-03-22 19:31:00,ATM-WD,0.0,78101.0,329080.0,,0,0,0,0,-0.15167497036241412
2024-03-23 12:15:00,ATM-WD,783.46,0.0,726.07,,0,0,0,0,-0.15093140076398082
2024-03-23 23:08:00,WEB-TRF,0.0,76702.0,155119.0,,0,0,0,0,-0.07538863966005105
2024-03-24 18:53:00,X1/ATS,0.0,17835.0,266359.0,,0,0,0,0,-0.11835783471621486
2024-03-24 18:56:00,ATM-WD,0.0,88694.0,227059.0,,0,1,1,0,-0.022523942148848453
2024-03-24 21:18:00,WEB-TRF,82075.0,0.0,57308.0,,0,0,0,0,-0.15635781529338721
2024-03-25 01:25:00,X1/ATS,0.0,99377.0,229973.0,,1,0,0,0,-0.14754623976926817
2024-03-26 07:36:00,X2/ATS,0.0,463.15,1189.22,,0,0,0,0,-0.03176586259355296
2024-03-28 17:27:00,WEB-TRF,976.23,0.0,26482.66,,0,1,1,0,-0.015719151348131954
2024-03-28 22:43:00,ATM-WD,0.0,56817.0,200707.0,,0,0,0,0,-0.12282745642229842
2024-03-30 03:07:00,WEB-TRF,0.0,20786.09,147249.11,,1,0,0,0,-0.13853146089988416
2024-03-30 18:14:00,X2/ATS,657.29,0.0,161504.49,,0,0,0,0,-0.09723412210552296
2024-03-31 14:01:00,ATM-WD,0.0,8672.0,134700.0,,0,0,0,0,-0.05790607741806564
2024-04-01 10:28:00,ATM-WD,6622.0,0.0,96473.0,,0,0,0,0,-0.06448702201976653
2024-04-01 12:07:00,X1/ATS,0.0,108599.0,195164.0,,0,0,0,0,-0.02734624636045835
2024-04-04 01:44:00,ATM-WD,0.0,1339.82,41219.73,,1,0,0,0,-0.03550998396911642
2024-04-04 15:55:00,X1/ATS,0.0,8196.0,228544.0,,0,0,0,0,-0.1440931193981151
2024-04-04 23:41:00,X1/ATS,0.0,6171.0,47259.0,,0,0,0,0,-0.14865095746495416
2024-04-05 19:00:00,X1/ATS,0.0,1097.31,147426.83,,0,0,0,0,-0.07622177590968182
2024-04-05 23:01:00,ATM-WD,0.0,8494.0,171631.0,,0,0,0,0,-0.1331802431740592
2024-04-06 17:54:00,ATM-WD,0.0,604.74,34797.71,,0,0,0,0,-0.14715566193545165
2024-04-07 16:40:00,WEB-TRF,0.0,6982.0,54241.0,,0,0,0,0,-0.13767290812222716
2024-04-08 05:27:00,WEB-TRF,2009.24,0.0,247547.06,,0,0,0,0,-0.1001791893325037
2024-04-08 11:40:00,X1/ATS,0.0,71816.0,268208.0,,0,0,0,0,-0.1628591041131499
2024-04-10 04:32:00,X1/ATS,0.0,923.37,37352.85,,1,0,0,0,-0.044511596086240446
2024-04-12 13:14:00,ATM-WD,0.0,360.95,118438.24,,0,0,0,0,-0.15535381406327986
2024-04-13 01:22:00,X1/ATS,0.0,34880.0,164650.0,,1,0,0,0,-0.1342341573114343
2024-04-19 21:26:00,WEB-TRF,0.0,38470.0,218981.0,,0,1,1,0,-0.008311529279933061
2024-04-20 11:21:00,X2/ATS,1042.44,0.0,249591.23,,0,1,1,1,0.05761327097103963
2024-04-21 08:14:00,ATM-WD,26058.0,0.0,82464.0,,0,1,1,0,-0.06528574585077129
2024-04-22 21:50:00,ATM-WD,8261.0,0.0,337768.0,,0,0,0,0,-0.12604675762626866
2024-04-23 18:34:00,ATM-WD,12402.0,0.0,90956.0,,0,0,0,0,-0.08876378369765336
2024-04-24 09:57:00,ATM-WD,0.0,52909.0,409210.0,,0,0,0,0,-0.037216977600052714
2024-04-24 17:29:00,ATM-WD,165386.0,0.0,300536.0,,1,0,0,0,-0.13175439155227814
2024-04-25 02:41:00,ATM-WD,628.51,0.0,45979.77,,1,1,1,0,-0.006815566310487631
2024-04-26 08:19:00,ATM-WD,0.0,31970.0,49516.0,,0,0,0,0,-0.11622987591279971
2024-04-27 17:58:00,ATM-WD,104299.0,0.0,101164.0,,0,0,0,0,-0.09501141012020281
2024-04-29 06:02:00,WEB-TRF,103498.0,0.0,85343.0,,0,1,1,0,-0.04752723980305207
2024-05-02 16:04:00,ATM-WD,35529.0,0.0,71970.0,,0,0,0,0,-0.16679045088338001
2024-05-06 19:36:00,WEB-TRF,0.0,33919.0,40261.0,,0,0,0,0,-0.08833539131315177
2024-05-07 02:17:00,WEB-TRF,0.0,453.0,176249.0,,1,0,0,0,-0.09005248824745576
2024-05-07 06:15:00,X1/ATS,0.0,451.62,102012.66,,0,0,0,0,-0.08710896823602576
2024-05-07 17:11:00,X2/ATS,23807.0,0.0,18182.0,,0,0,0,0,-0.0857341187304162
2024-05-09 15:04:00,ATM-WD,0.0,24599.0,116455.0,,0,0,0,0,-0.14240105621554328
2024-05-12 04:58:00,WEB-TRF,0.0,291.45,28531.02,,1,0,0,0,-0.12003081634743051
2024-05-13 18:06:00,ATM-WD,10328.0,0.0,14612.0,,0,0,0,1,0.06891142846114906
2024-05-14 12:18:00,ATM-WD,24279.75,0.0,4251.27,,0,0,0,0,-0.13621899645717783
2024-05-14 15:55:00,ATM-WD,62903.0,0.0,48381.0,,0,1,0,0,-0.07755546527121415
2024-05-14 18:14:00,ATM-WD,0.0,24279.75,28531.02,,0,0,0,0,-0.026867304804033543
2024-05-16 01:38:00,ATM-WD,0.0,329.02,234298.71,,1,1,1,1,0.003987835679281293
2024-05-17 17:07:00,ATM-WD,13104.0,0.0,58750.0,,0,0,0,0,-0.12276822798795634
2024-05-18 13:22:00,ATM-WD,0.0,520.15,119861.17,,0,0,0,0,-0.13188188871863793
2024-05-19 09:24:00,WEB-TRF,0.0,2225.14,97454.1,,0,0,0,0,-0.12587577713723452
2024-05-19 14:42:00,WEB-TRF,0.0,7540.0,94302.0,,0,0,0,0,-0.13158035412898295
2024-05-20 12:54:00,X2/ATS,87759.0,0.0,72721.0,,0,0,0,0,-0.10555413562767407
2024-05-22 23:45:00,WEB-TRF,0.0,66565.0,85126.0,,0,0,0,0,-0.14556591127244872
2024-05-23 14:43:00,ATM-WD,1271.97,0.0,51367.48,,0,0,0,0,-0.055924946999270975
2024-05-24 05:12:00,ATM-WD,0.0,1895.77,53263.25,,0,0,0,0,-0.12673136160253656
2024-05-26 03:17:00,X2/ATS,0.0,1463.91,43183.3,,1,0,0,0,-0.11716912714135597
2024-05-26 21:22:00,WEB-TRF,0.0,2269.0,329799.0,,0,0,0,0,-0.05647701671516947
2024-05-27 21:30:00,ATM-WD,20615.0,0.0,170202.0,,0,0,0,0,-0.07300064222994512
2024-05-28 01:28:00,ATM-WD,1200.0,0.0,51416.0,,1,0,0,0,-0.0660003079654613
2024-05-28 11:37:00,WEB-TRF,0.0,843.8,39652.2,,0,0,0,0,-0.13056231502003157
2024-06-02 12:38:00,ATM-WD,32647.0,0.0,41971.0,,0,0,0,0,-0.10559257978309156
2024-06-02 18:43:00,ATM-WD,0.0,11315.0,51062.0,,0,1,1,0,-0.06320687501709765
2024-06-02 22:24:00,ATM-WD,0.0,82476.0,125583.0,,0,0,0,0,-0.12999729930813236
2024-06-03 08:58:00,ATM-WD,1375.0,0.0,14066.0,,0,0,0,0,-0.15406194956331032
2024-06-04 10:51:00,WEB-TRF,28508.0,0.0,82301.0,,0,1,1,0,-0.017422941694025695
2024-06-04 12:53:00,ATM-WD,0.0,11442.0,292832.0,,0,0,0,0,-0.02959440307280381
2024-06-04 13:44:00,ATM-WD,911.46,0.0,98372.22,,0,1,1,0,-0.15476626957662548
2024-06-04 22:24:00,WEB-TRF,0.0,86976.0,155404.0,,0,0,0,0,-0.1269222484860441
2024-06-05 15:15:00,WEB-TRF,656.08,0.0,97716.14,,0,0,0,0,-0.15063153459427053
2024-06-05 18:00:00,ATM-WD,0.0,1009.96,98935.06,,0,1,1,0,-0.028961718130507852
2024-06-07 13:27:00,X1/ATS,0.0,1944.31,4827.68,,0,0,0,0,-0.0811612334369502
2024-06-07 21:16:00,WEB-TRF,0.0,63277.0,337979.0,,0,0,0,0,-0.10742532920513742
2024-06-08 11:06:00,ATM-WD,66149.0,0.0,269478.0,,0,0,0,0,-0.11707547159348491
2024-06-09 13:28:00,ATM-WD,105355.0,0.0,138872.0,,0,0,0,0,-0.1142653567229483
2024-06-09 18:02:00,WEB-TRF,0.0,32983.0,233789.0,,0,1,1,1,0.031936074126197256
2024-06-10 07:11:00,X1/ATS,0.0,884.77,128380.57,,0,0,0,0,-0.10788258008954749
2024-06-10 19:04:00,ATM-WD,0.0,3540.0,86565.0,,0,0,0,0,-0.11761475604096766
2024-06-11 02:25:00,ATM-WD,1554.4,0.0,7246.47,,1,1,1,0,-0.015610392887145497
2024-06-11 10:03:00,ATM-WD,6836.0,0.0,43768.0,,0,0,0,0,-0.1483047269461747
2024-06-12 00:32:00,X1/ATS,0.0,62176.0,71920.0,,0,0,0,0,-0.09173591623071681
2024-06-12 16:22:00,ATM-WD,0.0,57241.0,360792.0,,0,0,0,0,-0.09278601248650725
2024-06-12 20:25:00,X2/ATS,661.68,0.0,6584.79,,0,0,0,0,-0.12529943539843375
2024-06-12 20:46:00,X1/ATS,0.0,2699.0,281390.0,,0,0,0,0,-0.0974406705442557
2024-06-14 09:26:00,X2/ATS,128447.0,0.0,158431.0,,0,0,0,0,-0.07899809399631208
2024-06-14 12:05:00,X2/ATS,93396.0,0.0,124825.0,,0,0,0,0,-0.08016289402892196
2024-06-15 04:42:00,ATM-WD,8726.7,0.0,121152.37,,1,0,0,0,-0.14682538440442283
2024-06-15 11:37:00,WEB-TRF,0.0,4255.05,6341.13,,0,0,0,0,-0.07375237616530583
2024-06-15 18:12:00,WEB-TRF,0.0,95899.0,412529.0,,0,0,0,0,-0.13686297238866374
2024-06-16 09:10:00,WEB-TRF,1381.89,0.0,1552.04,,0,0,0,0,-0.10588564261344596
2024-06-16 09:48:00,WEB-TRF,0.0,49319.0,86429.0,,0,0,0,0,-0.1368774489840044
2024-06-17 01:12:00,ATM-WD,13422.21,0.0,108314.37,,1,1,1,0,-0.05176806705068904
2024-06-17 09:06:00,ATM-WD,0.0,32447.0,131475.0,,0,0,0,0,-0.13997988941195305
2024-06-18 00:26:00,WEB-TRF,1242.57,0.0,7032.61,,0,0,0,0,-0.09287488116127107
2024-06-18 03:23:00,ATM-WD,836.34,0.0,107478.03,,1,1,1,0,-0.14399582333044625
2024-06-19 01:10:00,WEB-TRF,35404.0,0.0,63566.0,,1,0,0,0,-0.1488174653034376
2024-06-20 07:12:00,X1/ATS,0.0,5199.0,167809.0,,0,0,0,0,-0.1418024025115821
2024-06-21 04:26:00,X1/ATS,0.0,85782.0,289828.0,,1,0,0,0,-0.1094033266097883
2024-06-21 15:14:00,ATM-WD,0.0,81727.0,160445.0,,0,0,0,0,-0.09501793290109695
2024-06-23 16:59:00,X2/ATS,0.0,371.47,384.82,,0,0,0,0,-0.03697829200668057
2024-06-23 20:53:00,ATM-WD,25879.0,0.0,30009.0,,0,1,1,0,-0.019984704111480567
2024-06-23 23:06:00,ATM-WD,0.0,16730.98,24995.46,,0,0,0,0,-0.1593504022466447
2024-06-25 14:45:00,ATM-WD,0.0,3344.0,92550.0,,0,0,0,0,-0.14412577937863635
2024-06-26 23:17:00,WEB-TRF,107.74,0.0,73420.89,,0,0,0,0,-0.12380933102744812
2024-06-28 10:01:00,X2/ATS,97348.0,0.0,153269.0,,0,0,0,0,-0.11812725102529076
2024-06-28 23:17:00,WEB-TRF,1496.36,0.0,21213.34,,0,1,1,0,-0.059333069943111716
2024-06-30 19:44:00,WEB-TRF,12145.0,0.0,42473.0,,0,0,0,0,-0.15346193359163196
2024-06-30 19:58:00,X1/ATS,0.0,61571.0,325482.0,,0,0,0,0,-0.15632954248580655
2024-07-01 01:03:00,X1/ATS,0.0,880.07,200318.45,,1,0,0,0,-0.008766122306200885
2024-07-01 07:04:00,ATM-WD,124765.0,0.0,127119.0,,0,0,0,0,-0.1517716082084838
2024-07-01 16:09:00,WEB-TRF,42814.0,0.0,103095.0,,0,1,1,1,0.007205106647319548
2024-07-01 22:26:00,WEB-TRF,674.93,0.0,67338.07,,0,1,1,0,-0.02246826316250561
2024-07-03 03:48:00,ATM-WD,1988.72,0.0,108145.99,,1,0,0,0,-0.11110155612903255
2024-07-03 04:29:00,ATM-WD,0.0,2040.16,193880.97,,1,0,0,0,-0.12762820033719624
2024-07-04 23:13:00,ATM-WD,0.0,16734.0,81033.0,,0,0,0,0,-0.12325514117560843
2024-07-05 08:07:00,ATM-WD,0.0,1118.99,188351.59,,0,0,0,0,-0.03829420717332055
2024-07-05 10:51:00,ATM-WD,424.87,0.0,187926.72,,0,1,1,0,-0.0559536213679368
2024-07-05 10:58:00,ATM-WD,0.0,476.15,33578.62,,0,0,0,0,-0.05114274537125352
2024-07-05 16:54:00,ATM-WD,51871.0,0.0,39770.0,,0,0,0,0,-0.12708844175651618
2024-07-05 19:28:00,X2/ATS,0.0,148.06,2549.82,,0,0,0,0,-0.0813439908587048
2024-07-05 21:55:00,WEB-TRF,0.0,93593.0,196043.0,,0,1,1,1,0.014380074383507302
2024-07-07 02:06:00,ATM-WD,2748.41,0.0,2564.29,,1,1,1,0,-0.050909974547043935
2024-07-08 02:06:00,X2/ATS,0.0,745.99,38662.26,,1,0,0,0,-0.09181220267080875
2024-07-11 13:15:00,WEB-TRF,0.0,313.92,44526.38,,0,0,0,0,-0.07191360378538003
2024-07-12 20:39:00,X1/ATS,0.0,2555.69,27849.22,,0,0,0,0,-0.16646763917396812
2024-07-13 03:28:00,WEB-TRF,0.0,1499.69,176570.49,,1,1,1,0,-0.06110046702813088
2024-07-13 06:00:00,ATM-WD,0.0,342.67,20191.52,,0,0,0,0,-0.09639167879628047
2024-07-13 10:13:00,ATM-WD,1159.24,0.0,22389.82,,0,0,0,0,-0.15196063546827981
2024-07-14 14:05:00,ATM-WD,901.0,0.0,49364.0,,0,1,1,0,-0.0072311837273030255
2024-07-15 21:36:00,ATM-WD,9141.0,0.0,11707.0,,0,0,0,0,-0.10423551207956316
2024-07-18 09:13:00,WEB-TRF,81.38,0.0,29045.72,,0,0,0,0,-0.07458217178372034
2024-07-18 23:41:00,WEB-TRF,277.97,0.0,159214.08,,0,0,0,0,-0.044052292719638064
2024-07-19 11:18:00,X1/ATS,0.0,7239.93,16151.04,,0,0,0,0,-0.11225437708023983
2024-07-21 09:48:00,ATM-WD,2858.71,0.0,53689.97,,0,0,0,0,-0.15676445071507145
2024-07-22 04:05:00,WEB-TRF,0.0,59230.0,304036.0,,1,0,0,0,-0.11124837640690433
2024-07-22 16:25:00,ATM-WD,0.0,275.13,1578.61,,0,0,0,0,-0.11591805339202516
2024-07-23 00:25:00,X1/ATS,0.0,1019.08,177928.11,,0,0,0,0,-0.10577248870936817
2024-07-23 13:15:00,ATM-WD,24835.0,0.0,42498.0,,0,0,0,0,-0.09153824899058521
2024-07-23 23:29:00,ATM-WD,0.0,1421.58,32293.26,,0,0,0,0,-0.0619375862431526
2024-07-24 02:02:00,ATM-WD,0.0,453.51,32035.52,,1,0,0,0,-0.11037572173194721
2024-07-24 16:35:00,WEB-TRF,0.0,938.29,67708.82,,0,0,0,0,-0.14670158845132913
2024-07-25 13:21:00,X1/ATS,0.0,89157.0,393193.0,,1,0,0,0,-0.14891056999963947
2024-07-26 12:42:00,ATM-WD,1780.89,0.0,105437.55,,0,0,0,0,-0.14593218805209474
2024-07-27 18:46:00,ATM-WD,0.0,945.29,178731.95,,0,0,0,0,-0.11261634780747032
2024-07-28 20:13:00,ATM-WD,632.81,0.0,109376.35,,0,1,1,0,-0.029309879839145125
2024-07-28 22:15:00,ATM-WD,0.0,910.21,178956.6,,0,0,0,0,-0.14910551702730607
2024-07-29 09:09:00,WEB-TRF,0.0,21170.0,136571.0,,0,0,0,0,-0.132289171965854
2024-07-30 04:55:00,WEB-TRF,494.34,0.0,19325.24,,1,1,1,0,-0.051632875090229846
2024-07-30 18:46:00,WEB-TRF,76709.0,0.0,192661.0,,1,0,0,0,-0.03563616105659473
2024-07-30 19:44:00,ATM-WD,0.0,1155.71,70083.87,,0,0,0,0,-0.13036066115153178
2024-07-30 21:45:00,ATM-WD,60743.0,0.0,73376.0,,0,0,0,0,-0.14401450444799385
2024-07-30 23:27:00,X1/ATS,0.0,1971.93,107783.4,,0,0,0,0,-0.1530000592427907
2024-08-01 15:26:00,ATM-WD,0.0,1924.04,244025.48,,0,1,1,0,-0.03528437807849971
2024-08-01 17:04:00,ATM-WD,0.0,637.56,244663.04,,0,0,0,0,-0.11574210824788544
2024-08-02 07:17:00,WEB-TRF,328.1,0.0,244334.94,,0,0,0,0,-0.022707059109250416
2024-08-03 21:47:00,ATM-WD,721.68,0.0,18524.59,,0,0,0,0,-0.08477259306065488
2024-08-04 11:37:00,ATM-WD,7556.0,0.0,32624.0,,0,0,0,0,-0.15642297198242472
2024-08-06 08:15:00,WEB-TRF,42688.0,0.0,66320.0,,0,0,0,0,-0.08208160173758527
2024-08-06 12:03:00,WEB-TRF,0.0,210.98,33566.73,,0,0,0,0,-0.10418141938252468
2024-08-06 15:09:00,X2/ATS,962.31,0.0,107598.99,,0,0,0,0,-0.06743091848721505
2024-08-06 17:57:00,WEB-TRF,534.7,0.0,2267.5,,0,0,0,0,-0.10794758876142169
2024-08-07 17:25:00,ATM-WD,60475.0,0.0,53741.0,,0,0,0,0,-0.10677625742685942
2024-08-08 04:43:00,ATM-WD,163721.95,0.0,19548.96,,1,0,0,0,-0.128554578500937
2024-08-08 20:58:00,WEB-TRF,0.0,76341.0,139223.0,,0,0,0,0,-0.11459016739598549
2024-08-10 09:10:00,ATM-WD,0.0,2431.79,248049.77,,0,0,0,0,-0.10504506847630768
2024-08-10 11:06:00,WEB-TRF,0.0,793.12,19025.45,,0,0,0,0,-0.08754632901053855
2024-08-10 11:28:00,ATM-WD,0.0,2607.95,37259.66,,0,0,0,0,-0.07354079228246296
2024-08-10 14:08:00,ATM-WD,0.0,77990.0,144252.0,,0,0,0,0,-0.022256426098602566
2024-08-10 14:38:00,WEB-TRF,0.0,41548.0,202325.0,,0,0,0,0,-0.09833292062647614
2024-08-11 08:19:00,ATM-WD,565.88,0.0,111109.19,,0,0,0,0,-0.14394923426455042
2024-08-12 13:32:00,ATM-WD,0.0,3033.91,40293.57,,0,0,0,0,-0.14094917136556678
2024-08-12 20:47:00,ATM-WD,0.0,27680.0,201804.0,,0,0,0,0,-0.0873203146319978
2024-08-12 22:14:00,ATM-WD,1377.28,0.0,38916.29,,0,1,1,0,-0.008913170336045884
2024-08-12 23:15:00,X1/ATS,0.0,1638.88,23407.03,,0,1,1,1,0.00972472996394591
2024-08-13 22:21:00,WEB-TRF,0.0,1133.26,17253.18,,0,0,0,0,-0.13878818813787536
2024-08-15 05:21:00,X1/ATS,0.0,820.71,3684.34,,0,0,0,0,-0.1399593297147046
2024-08-15 17:16:00,ATM-WD,850.08,0.0,4420.52,,0,0,0,0,-0.10839485193713289
2024-08-16 00:25:00,WEB-TRF,145594.0,0.0,166889.0,,1,0,0,0,-0.06289016434064931
2024-08-16 18:28:00,WEB-TRF,0.0,3248.88,7200.64,,0,0,0,0,-0.058107357683344185
2024-08-16 19:36:00,WEB-TRF,0.0,3350.0,66769.0,,0,0,0,0,-0.11788831970505764
2024-08-17 04:49:00,X1/ATS,0.0,2400.29,77889.18,,1,0,0,0,-0.08031250395795181
2024-08-18 04:37:00,ATM-WD,0.0,17995.46,39430.04,,1,0,0,0,-0.11010624981678757
2024-08-18 07:40:00,ATM-WD,13406.0,0.0,101983.0,,0,0,0,0,-0.09442370838126585
2024-08-18 13:25:00,ATM-WD,0.0,79718.0,312805.0,,0,0,0,0,-0.13453092320664872
2024-08-18 21:31:00,X2/ATS,0.0,1345.65,17157.75,,0,0,0,0,-0.10755405389974032
2024-08-19 00:45:00,ATM-WD,0.0,696.02,107957.61,,0,0,0,0,-0.08512585605145839
2024-08-19 06:40:00,ATM-WD,0.0,383.43,2082.24,,0,0,0,0,-0.15283162835531738
2024-08-20 10:03:00,ATM-WD,60.18,0.0,6025.28,,0,0,0,0,-0.07444847762914031
2024-08-20 19:31:00,WEB-TRF,0.0,665.57,184884.07,,0,0,0,0,-0.11860937129619364
2024-08-22 07:46:00,ATM-WD,0.0,844.3,8076.44,,0,0,0,0,-0.13510324705134308
2024-08-22 22:25:00,ATM-WD,0.0,798.14,12365.3,,0,1,1,0,-0.0070864768342541185
2024-08-23 13:48:00,X2/ATS,44874.0,0.0,102259.0,,0,0,0,0,-0.16802597867953428
2024-08-23 16:24:00,X1/ATS,0.0,53267.0,317001.0,,0,1,1,0,-0.061138070478581774
2024-08-25 03:41:00,WEB-TRF,0.0,1422.56,18235.69,,1,0,0,0,-0.1467616910690236
2024-08-25 12:53:00,ATM-WD,0.0,435.38,179908.43,,0,0,0,0,-0.07674906305753704
2024-08-26 07:04:00,X1/ATS,0.0,14861.0,286992.0,,0,0,0,0,-0.13694935226372856
2024-08-26 21:04:00,ATM-WD,1861.56,0.0,15669.76,,0,0,0,0,-0.10204280297193441
2024-08-27 10:06:00,CASH-DEP,0.0,971.49,40212.84,,1,1,1,0,-0.01131495415152528
2024-08-27 15:35:00,ATM-WD,0.0,424.5,79763.18,,0,0,0,0,-0.1570738023439739
2024-08-27 21:22:00,ATM-WD,108827.0,0.0,83834.0,,0,0,0,0,-0.11430919469024386
2024-08-28 08:28:00,ATM-WD,0.0,1151.34,23865.43,,0,0,0,0,-0.023592046916820042
2024-08-30 11:17:00,ATM-WD,786.82,0.0,23078.61,,0,0,0,0,-0.13826648039820316
2024-08-31 03:54:00,X1/ATS,1565.93,0.0,1010.14,,1,0,0,0,-0.09354231425293819
2024-08-31 21:47:00,X1/ATS,0.0,49497.0,183784.0,,0,0,0,0,-0.14383227604488796
2024-09-01 17:22:00,ATM-WD,0.0,1597.64,80375.68,,0,0,0,0,-0.12913245977011806
2024-09-01 20:51:00,X1/ATS,0.0,4283.0,13267.0,,0,0,0,0,-0.03686155991841833
2024-09-05 09:03:00,WEB-TRF,44827.0,0.0,88327.0,,0,1,1,1,0.004091611349834268
2024-09-07 07:48:00,ATM-WD,1590.11,0.0,28521.42,,0,0,0,0,-0.12303343159373004
2024-09-07 23:19:00,X1/ATS,0.0,17417.0,257113.0,,0,1,1,0,-0.010358573319055764
2024-09-08 16:47:00,WEB-TRF,1634.15,0.0,76183.78,,0,0,0,0,-0.048197430293035914
2024-09-09 02:30:00,X1/ATS,0.0,45578.0,175796.0,,1,0,0,0,-0.14389800740260011
2024-09-09 13:04:00,X1/ATS,0.0,70947.0,220184.0,,0,0,0,0,-0.12015442321399888
2024-09-10 18:48:00,ATM-WD,0.0,157.56,75679.91,,0,0,0,0,-0.15651903116496907
2024-09-11 05:36:00,WEB-TRF,0.0,438.1,76575.57,,0,0,0,0,-0.13104904249243715
2024-09-11 15:17:00,X1/ATS,0.0,11192.0,113491.0,,0,1,1,1,0.0691899509712901
2024-09-12 17:39:00,ATM-WD,0.0,22191.0,38902.0,,0,1,1,0,-0.031317844015777974
2024-09-14 11:23:00,ATM-WD,0.0,74370.0,171019.0,,0,1,1,0,0.00013411698256438065
2024-09-14 14:21:00,X2/ATS,0.0,1103.19,79950.17,,0,1,1,0,-0.1156268836424007
2024-09-15 18:35:00,X1/ATS,416.28,0.0,28840.12,,0,0,0,0,-0.08638887054770672
2024-09-16 06:51:00,X1/ATS,0.0,67441.0,114100.0,,0,0,0,0,-0.13120845651666263
2024-09-16 14:40:00,X1/ATS,0.0,56680.0,114692.0,,0,1,1,0,-0.010211052184950997
2024-09-17 00:05:00,X2/ATS,33849.0,0.0,27976.0,,0,0,0,0,-0.0910658275011928
2024-09-21 08:04:00,X1/ATS,0.0,1513.0,115004.0,,0,0,0,0,-0.06344969880383156
2024-09-22 00:44:00,X1/ATS,0.0,15563.0,79758.0,,0,1,1,0,-0.02360152697703466
2024-09-22 17:14:00,X2/ATS,5469.0,0.0,85649.0,,0,0,0,0,-0.13152198294006345
2024-09-23 00:11:00,ATM-WD,0.0,500.0,9928.0,,0,0,0,0,-0.09751527031532936
2024-09-23 16:32:00,ATM-WD,2955.0,0.0,44081.0,,0,0,0,0,-0.08123596085317891
2024-09-24 08:47:00,WEB-TRF,0.0,675.36,78474.8,,0,0,0,0,-0.1025046489278213
2024-09-25 09:54:00,ATM-WD,1233.69,0.0,34369.72,,0,0,0,0,-0.02590101451282978
2024-09-25 21:29:00,ATM-WD,34299.0,0.0,51600.0,,0,0,0,0,-0.04001142584210615
2024-09-26 17:03:00,WEB-TRF,231948.0,0.0,182859.0,,1,0,0,0,-0.09391198482650309
2024-09-29 16:25:00,ATM-WD,0.0,54555.0,66262.0,,0,0,0,0,-0.08028146462874625
2024-10-01 04:01:00,ATM-WD,0.0,2078.16,4507.53,,1,0,0,0,-0.10711285530047332
2024-10-02 00:32:00,X2/ATS,154510.0,0.0,164151.0,,1,0,0,0,-0.038822094532779405
2024-10-02 20:55:00,X1/ATS,1214.25,0.0,1537.2,,0,0,0,0,-0.13001476532185358
2024-10-03 17:24:00,WEB-TRF,0.0,1626.95,27130.74,,0,1,1,0,-0.004075597883821613
2024-10-05 00:05:00,WEB-TRF,0.0,12255.0,181313.0,,0,1,1,1,0.06603159846655737
2024-10-05 10:54:00,WEB-TRF,0.0,440.9,98440.29,,0,0,0,0,-0.10261882821148138
2024-10-05 15:48:00,ATM-WD,0.0,1217.71,20254.41,,0,1,1,0,-0.030566080635641257
2024-10-05 21:53:00,WEB-TRF,0.0,856.0,178539.0,,0,0,0,0,-0.04568850872620123
2024-10-06 12:54:00,ATM-WD,19211.0,0.0,252537.0,,0,0,0,0,-0.15494679393062383
2024-10-06 15:28:00,ATM-WD,0.0,44516.0,76190.0,,0,0,0,0,-0.10470436105147712
2024-10-07 23:47:00,WEB-TRF,0.0,3130.0,62738.0,,0,0,0,0,-0.07508499238751604
2024-10-08 19:45:00,ATM-WD,3888.0,0.0,20403.0,,0,0,0,0,-0.1167085543010376
2024-10-11 09:43:00,X2/ATS,1441.36,0.0,21241.08,,0,0,0,0,-0.15443721714451147
2024-10-12 09:47:00,ATM-WD,0.0,27148.0,388778.0,,0,0,0,0,-0.11305153399676127
2024-10-12 18:47:00,WEB-TRF,7712.0,0.0,8614.0,,0,0,0,0,-0.1474296909036566
2024-10-14 16:45:00,X1/ATS,1271.8,0.0,143993.75,,0,0,0,0,-0.15920266950295825
2024-10-17 10:19:00,ATM-WD,0.0,1290.5,144449.0,,0,1,1,0,-0.06404561647688001
2024-10-17 23:26:00,ATM-WD,32027.0,0.0,116999.0,,0,1,1,0,-0.006265648732643125
2024-10-18 02:26:00,ATM-WD,1070.37,0.0,16150.21,,1,0,0,0,0.0010544712579573234
2024-10-18 10:01:00,WEB-TRF,37419.0,0.0,90006.0,,0,0,0,0,-0.12237788033215846
2024-10-19 18:37:00,X1/ATS,0.0,20778.0,346612.0,,0,0,0,0,-0.1647187711824843
2024-10-21 12:26:00,ATM-WD,0.0,73312.0,298716.0,,0,0,0,0,-0.13787511106722444
2024-10-21 14:04:00,ATM-WD,0.0,469.0,158307.0,,0,0,0,0,-0.09313080878314489
2024-10-23 14:17:00,ATM-WD,0.0,8349.0,149026.0,,0,0,0,0,-0.12055841940984408
2024-10-24 16:48:00,WEB-TRF,0.0,4685.0,81695.0,,0,0,0,0,-0.13862195482546236
2024-10-24 18:31:00,WEB-TRF,7561.0,0.0,9261.0,,0,0,0,0,-0.006131534150290219
2024-10-25 06:14:00,ATM-WD,0.0,36697.0,281395.0,,0,0,0,0,-0.11473894883230584
2024-10-25 07:11:00,WEB-TRF,32193.0,0.0,58882.0,,0,1,1,1,0.009365607171181956
2024-10-25 08:51:00,ATM-WD,0.0,28623.0,31196.0,,0,0,0,0,-0.11229597649329426
2024-10-25 13:22:00,ATM-WD,0.0,29206.0,95405.0,,0,0,0,0,-0.13676047478599096
2024-10-26 15:18:00,ATM-WD,65494.0,0.0,153870.0,,0,0,0,0,-0.058843881192232717
2024-10-28 09:14:00,X1/ATS,1354.41,0.0,15797.58,,0,0,0,0,-0.06615064028444029
2024-10-29 21:19:00,ATM-WD,0.0,60319.0,172694.0,,0,0,0,0,-0.14428767394674724
2024-11-01 07:50:00,ATM-WD,104771.0,0.0,220752.0,,0,0,0,0,-0.12022027041481298
2024-11-01 14:17:00,WEB-TRF,0.0,676.72,72714.01,,0,0,0,0,-0.14119564100277582
2024-11-01 19:09:00,WEB-TRF,0.0,465.97,26011.75,,0,0,0,0,-0.1107106873236609
2024-11-02 13:58:00,ATM-WD,0.0,443.96,75421.28,,0,0,0,0,-0.07728318682124236
2024-11-04 04:05:00,ATM-WD,188.83,0.0,40265.51,,1,1,1,0,-0.011726928778578616
2024-11-04 10:42:00,ATM-WD,0.0,1204.0,12976.0,,0,0,0,0,-0.0870338549627257
2024-11-04 15:57:00,ATM-WD,0.0,34874.0,73665.0,,0,0,0,0,-0.10557533264641938
2024-11-05 01:55:00,ATM-WD,872.6,0.0,119018.9,,1,0,0,0,-0.12176323715936432
2024-11-05 10:04:00,ATM-WD,41457.0,0.0,109746.0,,0,0,0,0,-0.1602982732114953
2024-11-06 00:13:00,ATM-WD,0.0,1067.31,91563.26,,0,0,0,0,-0.1340490697549308
2024-11-07 14:10:00,ATM-WD,36207.0,0.0,36323.0,,0,0,0,0,-0.06416579229902353
2024-11-13 02:14:00,X2/ATS,87350.0,0.0,94008.0,,1,1,1,1,0.019526147241138214
2024-11-14 10:18:00,ATM-WD,25920.0,0.0,39145.0,,0,1,1,0,-0.007063438743202921
2024-11-19 02:10:00,WEB-TRF,49104.0,0.0,120247.0,,1,0,0,0,-0.16267058265031703
2024-11-19 03:25:00,ATM-WD,754.24,0.0,74271.8,,1,0,0,0,-0.06834404545071848
2024-11-19 15:39:00,ATM-WD,0.0,74841.0,345965.0,,0,0,0,0,-0.11451156525072298
2024-11-19 17:33:00,ATM-WD,0.0,432.74,111586.91,,0,0,0,0,-0.14293071432507287
2024-11-20 01:05:00,WEB-TRF,0.0,3948.0,16822.0,,1,0,0,0,-0.05888754082199943
2024-11-20 15:42:00,ATM-WD,76855.0,0.0,51360.0,,0,0,0,0,-0.0859517518771108
2024-11-21 06:59:00,ATM-WD,2409.0,0.0,35042.0,,0,0,0,0,-0.15587838905624396
2024-11-21 12:50:00,WEB-TRF,1655.0,0.0,11401.0,,0,0,0,0,-0.13321022118420733
2024-11-21 13:37:00,X1/ATS,0.0,8370.0,16984.0,,0,1,1,0,-0.007900809706465894
2024-11-21 16:34:00,ATM-WD,0.0,369.35,102453.7,,0,1,1,0,-0.05309686156479365
2024-11-22 05:41:00,WEB-TRF,1353.13,0.0,70183.69,,0,0,0,0,-0.05234651048882
2024-11-23 16:04:00,X2/ATS,78189.0,0.0,57570.0,,0,0,0,0,-0.1536815521321806
2024-11-24 19:42:00,ATM-WD,0.0,636.83,115883.77,,0,0,0,1,0.046153476077766875
2024-11-24 20:41:00,WEB-TRF,0.0,144.12,104548.59,,0,0,0,0,-0.13255278768470385
2024-11-25 04:34:00,X2/ATS,75574.0,0.0,234158.0,,1,0,0,0,-0.1247080524050102
2024-11-25 05:01:00,ATM-WD,847.5,0.0,42156.92,,0,1,1,0,-0.019195389565856424
2024-11-25 05:46:00,ATM-WD,491.74,0.0,13997.34,,0,0,0,0,-0.10479685491727952
2024-11-28 03:57:00,ATM-WD,12379.26,0.0,4706.79,,1,0,0,0,-0.13577855422648288
2024-12-01 07:44:00,X1/ATS,0.0,9416.0,233067.0,,0,1,1,0,-0.06423530930149557
2024-12-01 12:40:00,WEB-TRF,0.0,1779.47,129698.88,,0,0,0,0,-0.023408403770254216
2024-12-02 10:51:00,WEB-TRF,53873.0,0.0,111156.0,,0,0,0,0,-0.14428990608429432
2024-12-02 22:04:00,WEB-TRF,68006.0,0.0,120689.0,,0,0,0,0,-0.09526050722047863
2024-12-05 05:02:00,ATM-WD,1500.0,0.0,182833.0,,0,0,0,0,-0.060678257027514504
2024-12-05 22:32:00,ATM-WD,0.0,62930.0,369393.0,,0,0,0,0,-0.1148985011856597
2024-12-07 11:34:00,C2/ATS,0.0,272.34,12603.94,,1,0,0,0,-0.07443576342454239
2024-12-07 20:51:00,WEB-TRF,0.0,75.77,16669.31,,0,0,0,0,-0.13491963112790173
2024-12-11 11:59:00,C2/ATS,0.0,520.62,41685.58,,1,0,0,0,-0.1595705360578804
2024-12-11 20:05:00,ATM-WD,1188.4,0.0,41795.38,,0,0,0,0,-0.08686952724359515
2024-12-11 21:23:00,X2/ATS,128497.0,0.0,165386.0,,0,0,0,0,-0.14281291716576383
2024-12-12 17:41:00,WEB-TRF,1420.56,0.0,91923.43,,0,0,0,0,-0.1266003086528274
2024-12-14 14:08:00,ATM-WD,136781.0,0.0,120861.0,,0,0,0,0,-0.13454398037347381
2024-12-16 11:51:00,WEB-TRF,345.84,0.0,13308.72,,0,0,0,0,-0.08908400510535563
2024-12-16 22:51:00,ATM-WD,1416.6,0.0,11892.12,,0,0,0,0,-0.15851810780012987
2024-12-17 20:25:00,ATM-WD,7611.0,0.0,28208.0,,0,0,0,0,-0.10660901575095261
2024-12-19 00:52:00,WEB-TRF,0.0,1309.97,16332.98,,0,0,0,0,-0.1527275427142935
2024-12-19 02:58:00,ATM-WD,462.37,0.0,27565.17,,1,0,0,0,-0.14854045762909762
2024-12-19 12:49:00,ATM-WD,102724.0,0.0,143038.0,,0,0,0,0,-0.15797744393964713
2024-12-19 21:24:00,ATM-WD,0.0,947.94,96709.01,,0,1,1,0,-0.054853553684266254
2024-12-20 07:41:00,ATM-WD,0.0,79183.0,400846.0,,0,1,1,0,-0.02308455461057979
2024-12-20 13:52:00,ATM-WD,0.0,250.08,40083.0,,0,1,1,0,-0.027533479315938525
2024-12-23 19:52:00,WEB-TRF,30940.0,0.0,120823.0,,0,0,0,0,-0.11243239519041959
2024-12-25 14:05:00,WEB-TRF,1166.92,0.0,95560.11,,0,1,1,1,0.0020503287494572087
2024-12-26 11:44:00,X2/ATS,353.44,0.0,35949.32,,0,0,0,0,-0.10217612537064008
2024-12-27 03:30:00,X2/ATS,9547.0,0.0,105952.0,,1,1,1,0,-0.06312930533052719
2024-12-27 05:50:00,WEB-TRF,0.0,819.73,118339.99,,0,0,0,0,-0.1734215862239063
2024-12-27 15:27:00,ATM-WD,581.19,0.0,25947.15,,0,0,0,0,-0.018748280918927218
2024-12-29 11:19:00,WEB-TRF,0.0,3147.69,122850.35,,0,1,1,0,-0.015302844809828908
2024-12-30 20:41:00,WEB-TRF,0.0,31155.0,264222.0,,0,0,0,0,-0.10679482420321973
2025-01-01 11:10:00,ATM-WD,0.0,2366.85,89220.55,,0,0,0,0,-0.07261233011836954
2025-01-01 22:13:00,ATM-WD,0.0,808.15,70337.24,,0,1,1,1,0.021650745493439927
2025-01-02 02:21:00,ATM-WD,5131.61,0.0,33477.79,,1,0,0,0,-0.09299586377273072
2025-01-02 17:18:00,WEB-TRF,0.0,27421.0,252535.0,,0,0,0,0,-0.0932669824839642
2025-01-02 21:30:00,ATM-WD,83831.0,0.0,76325.0,,0,0,0,1,0.030604848846844224
2025-01-04 00:30:00,WEB-TRF,13760.0,0.0,103570.0,,0,0,0,0,-0.11357149073896644
2025-01-04 16:01:00,WEB-TRF,2792.42,0.0,69368.09,,0,0,0,0,-0.1327784156585674
2025-01-04 22:32:00,ATM-WD,0.0,87582.0,197613.0,,0,0,0,0,-0.07348499763020538
2025-01-04 23:38:00,X2/ATS,24402.0,0.0,92271.0,,0,0,0,0,-0.09565887198736861
2025-01-06 01:34:00,ATM-WD,5452.33,0.0,28799.89,,1,0,0,0,-0.15789745049520992
2025-01-08 13:40:00,X2/ATS,23693.0,0.0,159482.0,,0,1,1,1,0.037471803582104446
2025-01-10 04:07:00,ATM-WD,12784.85,0.0,120729.57,,1,0,0,0,-0.11940722732773923
2025-01-11 15:42:00,C1/ATS,0.0,756.05,1545.34,,1,0,0,0,-0.10753609475856485
2025-01-12 16:01:00,ATM-WD,0.0,1424.74,7036.51,,0,0,0,0,-0.1552056461142241
2025-01-12 20:33:00,X1/ATS,423.1,0.0,37364.21,,0,0,0,0,-0.09583185235935138
2025-01-14 12:16:00,WEB-TRF,0.0,79478.0,93771.0,,0,0,0,0,-0.16049397066271281
2025-01-14 16:19:00,X2/ATS,0.0,595.76,123551.44,,0,0,0,0,-0.08695946169580637
2025-01-15 07:33:00,X1/ATS,0.0,39462.0,296408.0,,0,0,0,0,-0.10087757810467818
2025-01-16 07:10:00,ATM-WD,9335.0,0.0,32720.0,,0,0,0,0,-0.09862583555891535
2025-01-17 10:45:00,ATM-WD,0.0,39470.0,482502.0,,0,1,1,0,-0.0335687230721593
2025-01-17 20:25:00,X1/ATS,0.0,57.96,9308.77,,0,1,1,1,0.009081662448523597
2025-01-18 02:43:00,X2/ATS,952.12,0.0,25950.99,,1,0,0,0,-0.15789160253686113
2025-01-18 06:07:00,WEB-TRF,0.0,740.58,8403.64,,0,0,0,0,-0.05784939634121711
2025-01-19 01:01:00,WEB-TRF,31424.0,0.0,45553.0,,1,0,0,0,-0.11082925183961145
2025-01-19 12:47:00,ATM-WD,44688.0,0.0,49404.0,,0,1,1,0,-0.002198336412666313
2025-01-20 05:43:00,X1/ATS,0.0,1517.58,2658.5,,0,1,1,0,-0.013105888044671055
2025-01-20 09:08:00,ATM-WD,1375.3,0.0,63130.38,,0,1,1,0,-0.007119378757074468
2025-01-21 02:14:00,ATM-WD,449.41,0.0,26266.13,,1,0,0,0,-0.03367926779187014
2025-01-21 06:55:00,X2/ATS,1850.6,0.0,27352.74,,0,1,1,0,-0.0179010928833917
2025-01-21 13:45:00,ATM-WD,0.0,966.77,28319.51,,0,0,0,0,-0.07511510227485924
2025-01-21 19:43:00,X2/ATS,339.9,0.0,4543.45,,0,0,0,0,-0.15231370238230318
2025-01-21 23:03:00,ATM-WD,0.0,1474.71,29794.22,,0,0,0,0,-0.10758123488164889
2025-01-22 05:52:00,ATM-WD,28067.83,0.0,33580.42,,0,0,0,0,-0.12763646151503588
2025-01-22 09:32:00,ATM-WD,0.0,45270.0,423518.0,,0,0,0,0,-0.0997749536932584
2025-01-23 13:42:00,ATM-WD,7550.0,0.0,13123.0,,0,0,0,0,-0.11789720000916809
2025-01-23 18:16:00,WEB-TRF,202347.0,0.0,335389.0,,1,1,1,0,-0.04550071526337485
2025-01-24 18:03:00,C2/ATS,776.31,0.0,25489.82,,1,0,0,0,-0.05439892007535174
2025-01-25 23:40:00,ATM-WD,0.0,510.06,48103.03,,0,1,1,0,-0.008127904376416195
2025-01-28 01:10:00,X1/ATS,1308.41,0.0,6699.67,,1,1,1,0,-0.05796737001585506
2025-01-29 02:47:00,ATM-WD,866.11,0.0,24278.72,,1,0,0,0,-0.10014744603024767
2025-01-29 19:12:00,ATM-WD,0.0,65513.0,145020.0,,0,0,0,0,-0.08841260936744694
2025-01-30 08:33:00,ATM-WD,40649.0,0.0,92644.0,,0,1,1,0,-0.05816573496767463
2025-02-02 19:29:00,ATM-WD,0.0,1747.84,45746.1,,0,1,1,0,-6.532666223857397e-06
2025-02-02 21:08:00,ATM-WD,0.0,1439.03,15986.13,,0,0,0,0,-0.1501804360538599
2025-02-02 23:05:00,ATM-WD,0.0,42407.0,274517.0,,0,0,0,0,-0.14522205853643794
2025-02-04 07:08:00,ATM-WD,625.56,0.0,54928.56,,0,0,0,0,-0.1260518367210678
2025-02-05 17:49:00,ATM-WD,0.0,3363.79,43843.05,,0,1,1,0,-0.01708671540996265
2025-02-07 01:50:00,X1/ATS,0.0,39913.0,52780.0,,1,0,0,0,-0.028181014005890903
2025-02-08 21:22:00,WEB-TRF,0.0,10168.0,30869.0,,0,1,1,0,-0.03639492955993573
2025-02-09 10:14:00,ATM-WD,0.0,9020.0,14050.0,,0,1,1,0,-0.0074671391123515285
2025-02-12 01:54:00,ATM-WD,15511.34,0.0,42607.0,,1,0,0,0,-0.06922528712160525
2025-02-13 05:14:00,ATM-WD,21779.73,0.0,20642.24,,0,1,1,0,-0.04689675920441083
2025-02-14 08:50:00,X1/ATS,0.0,78841.0,342018.0,,0,1,1,0,-0.02428318567774146
2025-02-17 18:03:00,ATM-WD,11576.0,0.0,41204.0,,0,1,1,1,0.004622695337267779
2025-02-19 15:21:00,ATM-WD,0.0,3211.0,150948.0,,0,0,0,0,-0.12553473337007376
2025-02-20 02:06:00,WEB-TRF,0.0,87136.0,171513.0,,1,0,0,0,-0.08827465080387248
2025-02-20 23:25:00,X1/ATS,1125.24,0.0,32686.71,,0,1,1,0,-0.04879040823984315
2025-02-21 04:01:00,ATM-WD,327.8,0.0,11627.23,,1,1,1,0,-0.03297305493027147
2025-02-21 13:34:00,ATM-WD,84552.0,0.0,66396.0,,0,0,0,0,-0.049386281109185304
2025-02-23 14:24:00,ATM-WD,2074.36,0.0,47862.16,,0,0,0,0,-0.12205127766911955
2025-02-24 22:41:00,X1/ATS,361.99,0.0,47893.57,,0,0,0,0,-0.10597037673863302
2025-02-25 14:24:00,X1/ATS,0.0,481.07,5386.18,,0,0,0,0,-0.16227025969319803
2025-02-25 22:34:00,X1/ATS,0.0,12922.0,186052.0,,0,0,0,0,-0.028222097892503295
2025-02-27 06:59:00,WEB-TRF,0.0,1635.13,42064.0,,0,0,0,0,-0.09915988015132932
2025-02-27 22:51:00,X1/ATS,0.0,48465.0,335171.0,,0,0,0,0,-0.11528428011764719
2025-02-28 22:12:00,ATM-WD,0.0,976.64,32262.91,,0,0,0,0,-0.150047008413619
2025-03-01 23:20:00,ATM-WD,0.0,25431.58,56720.85,,0,0,0,0,-0.08152224148293563
2025-03-02 04:00:00,X1/ATS,0.0,24622.54,65047.07,,1,0,0,0,-0.14891269394451762
2025-03-02 19:45:00,X1/ATS,0.0,2426.67,33465.72,,0,0,0,0,-0.12871948371124048
2025-03-04 07:19:00,ATM-WD,0.0,607.66,44814.73,,0,0,0,0,-0.10676923464990518
2025-03-04 16:41:00,C2/ATS,0.0,474.9,38072.22,,1,0,0,0,-0.0591775056734406
2025-03-05 11:56:00,WEB-TRF,0.0,424.89,122616.97,,0,0,0,0,-0.0575581382819812
2025-03-06 04:19:00,WEB-TRF,0.0,470.92,58238.59,,1,0,0,0,-0.08829519797957064
2025-03-06 20:21:00,CASH-DEP,0.0,362.45,4090.33,,1,0,0,0,-0.14368827457724043
2025-03-07 07:29:00,WEB-TRF,12226.0,0.0,58083.0,,0,0,0,0,-0.10478352107989347
2025-03-07 21:14:00,ATM-WD,180.89,0.0,66431.12,,0,0,0,0,-0.1388317061176293
2025-03-08 09:25:00,ATM-WD,0.0,394.46,38242.3,,0,0,0,0,-0.1074603342279335
2025-03-08 09:28:00,X2/ATS,1128.22,0.0,65302.9,,0,0,0,0,-0.10800107883429388
2025-03-09 12:43:00,ATM-WD,0.0,107792.0,425254.0,,0,0,0,0,-0.1020714639816912
2025-03-10 18:48:00,X2/ATS,0.0,364.64,72013.22,,0,1,1,0,-0.04299165049996123
2025-03-10 19:17:00,X2/ATS,16672.0,0.0,44439.0,,0,0,0,0,-0.07225975366375947
2025-03-11 01:04:00,X1/ATS,1878.57,0.0,32784.96,,1,0,0,0,-0.07611145123088642
2025-03-11 07:58:00,X2/ATS,1155.37,0.0,54808.79,,0,0,0,0,-0.15278391072678704
2025-03-11 17:28:00,X1/ATS,1504.47,0.0,3624.08,,0,0,0,0,-0.08565290428544908
2025-03-13 21:12:00,X1/ATS,0.0,33218.0,52208.0,,0,0,0,0,-0.020987043317047482
2025-03-14 23:02:00,ATM-WD,473.21,0.0,53481.52,,0,1,1,1,0.02397651503430953
2025-03-15 17:21:00,ATM-WD,479.27,0.0,51776.25,,0,0,0,0,-0.09661742784218363
2025-03-15 23:59:00,X1/ATS,1668.35,0.0,139259.4,,0,1,1,0,-0.049827200744683386
2025-03-16 17:35:00,ATM-WD,0.0,240.81,52927.18,,0,1,1,0,-0.02033610099511418
2025-03-17 07:58:00,ATM-WD,0.0,1736.79,72521.71,,0,0,0,0,-0.09133538018612392
2025-03-17 19:39:00,ATM-WD,0.0,288.81,11318.7,,0,0,0,0,-0.05816234072183191
2025-03-17 20:43:00,WEB-TRF,0.0,1066.21,5664.93,,0,0,0,1,0.06519748681850313
2025-03-18 06:51:00,WEB-TRF,0.0,1066.93,54414.17,,0,0,0,0,-0.16409963512610037
2025-03-19 00:53:00,X1/ATS,0.0,29176.0,455103.0,,0,0,0,0,-0.1227955473125028
2025-03-19 10:52:00,ATM-WD,0.0,694.59,100950.6,,0,0,0,0,-0.1566127362112923
2025-03-19 20:02:00,ATM-WD,45158.0,0.0,78127.0,,0,0,0,0,-0.13545937227097948
2025-03-20 10:28:00,ATM-WD,32266.0,0.0,24684.0,,0,0,0,0,-0.14301114800442355
2025-03-21 13:01:00,WEB-TRF,0.0,14846.0,145411.0,,0,0,0,0,-0.09446030839122482
2025-03-21 23:42:00,WEB-TRF,1510.13,0.0,71450.26,,0,0,0,0,-0.16258311488991734
2025-03-22 21:21:00,X2/ATS,9139.0,0.0,98527.0,,0,0,0,0,-0.14892796786630835
2025-03-23 22:26:00,X1/ATS,0.0,73188.0,173523.0,,0,0,0,0,-0.12896394482755041
2025-03-24 09:40:00,ATM-WD,0.0,2174.96,65770.5,,0,0,0,0,-0.1545480197179459
2025-03-24 20:44:00,ATM-WD,2791.0,0.0,8487.0,,0,0,0,0,-0.1624410802931474
2025-03-25 08:47:00,ATM-WD,408.38,0.0,28165.29,,0,0,0,0,-0.09239635191802847
2025-03-25 16:24:00,ATM-WD,0.0,924.0,39189.79,,0,0,0,0,-0.10484412516137198
2025-03-25 18:30:00,ATM-WD,0.0,415.89,70857.44,,0,0,0,0,-0.10005445961078202
2025-03-26 03:56:00,X2/ATS,31582.0,0.0,131294.0,,1,0,0,0,-0.1484411594574816
2025-03-27 03:06:00,ATM-WD,0.0,9000.71,121053.61,,1,0,0,0,-0.0645739113539393
2025-03-27 13:40:00,WEB-TRF,0.0,102.95,70960.39,,0,0,0,0,-0.11868791294312575
2025-03-27 20:33:00,ATM-WD,218.46,0.0,3552.8,,0,0,0,0,-0.12939504383861694
2025-03-28 00:29:00,WEB-TRF,1773.4,0.0,1779.4,,0,0,0,0,-0.11845481149687515
2025-04-01 03:13:00,ATM-WD,12038.07,0.0,2225.71,,1,0,0,0,-0.06699058662121637
2025-04-01 07:05:00,X2/ATS,924.0,0.0,38265.79,,0,0,0,0,-0.15080284606969918
2025-04-01 11:42:00,X2/ATS,7078.0,0.0,55458.0,,0,0,0,0,-0.08549816850476227
2025-04-02 03:43:00,WEB-TRF,0.0,392.57,1895.62,,1,0,0,0,-0.11406748636726588
2025-04-03 02:47:00,ATM-WD,514.56,0.0,46915.7,,1,1,1,0,-0.023406837303004857
2025-04-03 13:20:00,WEB-TRF,0.0,8.52,46924.22,,0,0,0,0,-0.08268484295086176
2025-04-03 22:57:00,ATM-WD,0.0,24670.0,188842.0,,0,1,1,0,-0.015383037273805189
2025-04-04 00:32:00,ATM-WD,1000.0,0.0,71293.0,,0,0,0,0,-0.07071859668268954
2025-04-04 14:34:00,X1/ATS,227.13,0.0,120694.07,,0,0,0,0,-0.14891687426842004
2025-04-04 20:49:00,ATM-WD,376.08,0.0,18588.7,,0,0,0,0,-0.11201723242800798
2025-04-04 21:56:00,WEB-TRF,549.54,0.0,45661.54,,0,0,0,0,-0.09348840475720027
2025-04-04 22:59:00,ATM-WD,0.0,21574.0,55529.0,,0,0,0,0,-0.12806320586996095
2025-04-06 00:41:00,X2/ATS,1193.04,0.0,63139.65,,0,0,0,0,-0.1014304098139604
2025-04-06 04:36:00,ATM-WD,0.0,1295.18,9753.19,,1,0,0,0,-0.06782241842284153
2025-04-07 04:09:00,ATM-WD,0.0,500.0,8478.0,,1,0,0,0,-0.14527129302352687
2025-04-07 09:30:00,ATM-WD,129972.0,0.0,158289.0,,1,0,0,0,-0.09926477108469223
2025-04-07 16:29:00,ATM-WD,0.0,63495.0,111679.0,,0,0,0,0,-0.1090325775145905
2025-04-07 19:15:00,ATM-WD,0.0,45994.0,188532.0,,0,1,1,0,-0.15604147261043771
2025-04-08 01:13:00,ATM-WD,170.85,0.0,8676.51,,1,0,0,0,-0.12021916288144807
2025-04-08 12:12:00,ATM-WD,24675.0,0.0,96832.0,,0,1,1,0,-0.02958258419151516
2025-04-08 16:28:00,X1/ATS,0.0,1366.19,123942.98,,0,0,0,0,-0.10448508795088579
2025-04-08 19:27:00,WEB-TRF,0.0,1800.25,72277.47,,0,0,0,0,-0.08928834942616815
2025-04-09 21:34:00,ATM-WD,0.0,557.58,20666.05,,0,0,0,0,-0.0740784016966457
2025-04-10 21:20:00,ATM-WD,0.0,1588.73,121434.48,,0,1,1,0,-0.06541108427692155
2025-04-12 23:07:00,ATM-WD,0.0,51070.0,587480.0,,0,0,0,0,-0.10163527723828725
2025-04-14 03:01:00,X1/ATS,0.0,1683.11,122268.57,,1,1,1,1,0.009886922171226886
2025-04-14 04:52:00,X2/ATS,27069.0,0.0,123851.0,,1,0,0,0,-0.14640809178790398
2025-04-14 23:03:00,WEB-TRF,0.0,800.12,28263.07,,0,0,0,0,-0.13357220219881433
2025-04-15 02:12:00,ATM-WD,0.0,23640.53,26973.03,,1,0,0,0,-0.10158866463954375
2025-04-15 08:42:00,ATM-WD,354.37,0.0,27908.7,,0,0,0,0,-0.11426290007104811
2025-04-16 22:43:00,WEB-TRF,2280.64,0.0,62910.1,,0,0,0,0,-0.027208474110111402
2025-04-18 12:29:00,WEB-TRF,0.0,19429.0,254330.0,,0,0,0,0,-0.10761196769956449
2025-04-18 21:12:00,WEB-TRF,0.0,1125.37,75575.73,,0,1,1,0,-0.010824125190220468
2025-04-19 03:49:00,ATM-WD,1500.0,0.0,228562.0,,1,0,0,0,-0.09875296334632566
2025-04-19 19:08:00,ATM-WD,0.0,2328.0,133622.0,,0,0,0,0,-0.06899404443388957
2025-04-20 17:38:00,ATM-WD,90.96,0.0,75364.54,,0,0,0,0,-0.06349647320350926
2025-04-21 11:39:00,ATM-WD,1319.15,0.0,27985.01,,0,0,0,0,-0.11306319322532443
2025-04-23 21:56:00,ATM-WD,85758.0,0.0,80854.0,,0,0,0,0,-0.11640358608028228
2025-04-24 07:20:00,ATM-WD,0.0,94.84,75017.67,,0,0,0,0,-0.08539277844347237
2025-04-24 10:00:00,X2/ATS,0.0,735.5,28642.66,,0,0,0,0,-0.09381307357494167
2025-04-24 12:34:00,ATM-WD,13015.0,0.0,40121.0,,0,0,0,0,-0.04131343360314432
2025-04-24 18:50:00,ATM-WD,0.0,70664.0,175090.0,,0,1,1,0,-0.0508095067727693
2025-04-25 15:16:00,X1/ATS,623.82,0.0,15469.4,,0,0,0,0,-0.06421825416935867
2025-04-25 18:00:00,X1/ATS,0.0,87145.0,202193.0,,0,0,0,0,-0.13108933274277101
2025-04-26 20:42:00,WEB-TRF,0.0,1739.98,31578.94,,0,1,1,0,-0.06387695217305867
2025-04-27 18:47:00,ATM-WD,8371.0,0.0,87433.0,,0,0,0,0,-0.11745972068260219
2025-04-28 08:31:00,ATM-WD,763.67,0.0,57774.32,,0,1,1,0,-0.008339556376732338
2025-04-28 21:37:00,ATM-WD,0.0,2090.58,5577.23,,0,0,0,0,-0.05616680382871153
2025-04-28 23:10:00,WEB-TRF,0.0,96044.0,154127.0,,0,0,0,0,-0.08749542195744803
2025-04-29 23:27:00,ATM-WD,14887.0,0.0,48576.0,,0,0,0,0,-0.05627587537005063
2025-04-30 08:49:00,ATM-WD,2371.0,0.0,6116.0,,0,0,0,0,-0.06461645788591641
2025-04-30 09:51:00,ATM-WD,0.0,1599.21,15184.86,,0,0,0,0,-0.1358218772372719
2025-04-30 14:09:00,ATM-WD,846.42,0.0,22014.12,,0,0,0,0,-0.08529257901854204
2025-05-01 03:51:00,ATM-WD,0.0,15636.72,62296.06,,1,0,0,0,-0.12399280093217213
2025-05-01 04:15:00,ATM-WD,0.0,1514.59,32568.7,,1,0,0,0,-0.08139710820159668
2025-05-02 08:31:00,ATM-WD,0.0,3839.0,106913.0,,0,0,0,0,-0.05706874341122925
2025-05-02 13:41:00,ATM-WD,28599.0,0.0,36946.0,,0,0,0,0,-0.15682408930583908
2025-05-02 18:43:00,WEB-TRF,0.0,2163.0,14772.0,,0,0,0,0,-0.1314943246456834
2025-05-03 04:23:00,X2/ATS,57626.0,0.0,60371.0,,1,0,0,0,-0.07455358412465468
2025-05-03 11:25:00,X2/ATS,19255.0,0.0,20302.0,,0,0,0,0,-0.12710195354407683
2025-05-03 17:28:00,WEB-TRF,71857.0,0.0,76633.0,,0,0,0,0,-0.13939308216434193
2025-05-03 22:39:00,ATM-WD,984.48,0.0,6131.28,,0,1,1,0,-0.02841141325345642
2025-05-04 15:09:00,WEB-TRF,114386.0,0.0,94579.0,,1,0,0,0,-0.12902533750055534
2025-05-05 00:45:00,ATM-WD,14561.37,0.0,42167.9,,0,0,0,0,-0.14550535853956487
2025-05-05 21:34:00,WEB-TRF,1291.66,0.0,50401.33,,0,0,0,0,-0.13332354726844547
2025-05-06 12:24:00,X2/ATS,55266.0,0.0,56549.0,,0,0,0,0,-0.07382667463667358
2025-05-06 12:53:00,WEB-TRF,0.0,65324.0,315093.0,,0,0,0,0,-0.14167799782718432
2025-05-06 20:59:00,X2/ATS,5309.0,0.0,44535.0,,0,0,0,0,-0.08085699798102713
2025-05-07 03:38:00,WEB-TRF,0.0,7428.0,161441.0,,1,0,0,0,-0.11388453441849145
2025-05-07 04:56:00,ATM-WD,1500.0,0.0,180306.0,,1,0,0,0,-0.07817861942521492
2025-05-07 14:44:00,ATM-WD,0.0,96036.0,220309.0,,0,1,1,0,-0.027661372855221522
2025-05-07 17:39:00,ATM-WD,86832.0,0.0,124273.0,,0,0,0,0,-0.15655795613019013
2025-05-07 22:47:00,ATM-WD,0.0,33349.0,171402.0,,0,1,1,0,-4.161121128654077e-05
2025-05-08 04:56:00,ATM-WD,947.59,0.0,99594.17,,1,0,0,0,-0.031731021579768925
2025-05-08 05:47:00,WEB-TRF,0.0,102841.0,176411.0,,0,0,0,0,-0.07148471825097169
2025-05-08 13:11:00,X1/ATS,0.0,98995.0,626125.0,,0,0,0,0,-0.06782120016381332
2025-05-09 00:37:00,ATM-WD,966.0,0.0,37657.9,,0,0,0,0,-0.09341493914947469
2025-05-10 04:43:00,ATM-WD,257.7,0.0,12903.78,,1,0,0,0,-0.12384034724515097
2025-05-10 13:00:00,X1/ATS,0.0,30140.0,166336.0,,0,0,0,0,-0.09350244016824905
2025-05-12 21:56:00,ATM-WD,0.0,4204.0,80837.0,,0,0,0,0,-0.14730616930357726
2025-05-13 05:44:00,WEB-TRF,0.0,57337.0,295686.0,,0,0,0,0,-0.15908726948550017
2025-05-13 15:12:00,X1/ATS,0.0,74869.0,111815.0,,0,0,0,0,-0.16328868720529227
2025-05-13 20:16:00,ATM-WD,0.0,56553.0,121206.0,,0,0,0,0,-0.16342926744366149
2025-05-14 15:47:00,X1/ATS,0.0,78867.0,128415.0,,0,1,1,1,0.0011630620430075345
2025-05-15 05:23:00,ATM-WD,19658.68,0.0,22254.74,,0,0,0,0,-0.036995652070084706
2025-05-15 17:54:00,X2/ATS,151701.0,0.0,143985.0,,1,0,0,0,-0.1212902062355451
2025-05-15 21:30:00,X1/ATS,1344.48,0.0,4364.48,,0,0,0,0,-0.1651896562586967
2025-05-16 13:12:00,WEB-TRF,1344.47,0.0,638.62,,0,0,0,0,-0.15189401706664518
2025-05-16 13:47:00,ATM-WD,3486.0,0.0,109000.0,,0,0,0,0,-0.07191502906109815
2025-05-17 03:14:00,ATM-WD,0.0,438.49,99528.12,,1,0,0,0,-0.11378051414539153
2025-05-17 04:25:00,WEB-TRF,110721.0,0.0,162783.0,,1,0,0,0,-0.09189127835058564
2025-05-17 11:13:00,X2/ATS,0.0,638.61,26292.8,,0,0,0,0,-0.1275709091738133
2025-05-17 12:40:00,WEB-TRF,1710.75,0.0,7507.51,,0,1,1,1,0.00618098073007578
2025-05-17 20:54:00,WEB-TRF,0.0,344.84,12175.95,,0,0,0,0,-0.01857042370397899
2025-05-17 21:27:00,X1/ATS,0.0,74568.0,306233.0,,0,0,0,0,-0.09198241869033202
2025-05-18 15:20:00,ATM-WD,1732.41,0.0,18932.41,,0,0,0,0,-0.11490341587685798
2025-05-19 01:59:00,ATM-WD,631.95,0.0,65801.14,,1,1,1,0,-0.00800371133238642
2025-05-19 04:21:00,WEB-TRF,0.0,899.48,98004.92,,1,0,0,0,-0.1284625445842647
2025-05-19 14:43:00,ATM-WD,125.49,0.0,24483.31,,0,0,0,0,-0.14295021062559798
2025-05-19 14:48:00,X2/ATS,0.0,1070.55,8531.17,,0,0,0,0,-0.14974366995941052
2025-05-19 19:54:00,WEB-TRF,0.0,25755.0,459919.0,,0,0,0,0,-0.12085149805320772
2025-05-20 21:36:00,ATM-WD,1025.27,0.0,96979.65,,0,0,0,0,-0.10805595736435064
2025-05-21 04:34:00,ATM-WD,9017.88,0.0,45107.55,,1,0,0,0,-0.06938623606343208
2025-05-21 13:37:00,ATM-WD,0.0,92387.0,231665.0,,0,0,0,0,-0.11194185314806554
2025-05-22 17:07:00,ATM-WD,0.0,227.12,19812.62,,0,0,0,0,-0.12683534557938902
2025-05-22 23:08:00,ATM-WD,0.0,32678.0,297906.0,,0,0,0,0,-0.07947535295331193
2025-05-23 15:50:00,WEB-TRF,0.0,50149.0,136433.0,,0,0,0,0,-0.08917782518512868
2025-05-23 18:39:00,ATM-WD,0.0,1082.41,9186.85,,0,0,0,0,-0.09883319213129449
2025-05-25 02:12:00,WEB-TRF,0.0,6623.0,20673.0,,1,0,0,0,-0.09749632043910439
2025-05-25 06:39:00,ATM-WD,0.0,8714.0,43148.0,,0,0,0,0,-0.057105909232200824
2025-05-25 09:07:00,ATM-WD,63227.0,0.0,249769.0,,0,0,0,0,-0.12390875595167
2025-05-27 20:47:00,ATM-WD,0.0,14537.0,84451.0,,0,0,0,0,-0.1027525876994731
2025-05-29 12:45:00,X2/ATS,23130.0,0.0,219845.0,,0,0,0,0,-0.10996743557725558
2025-05-29 18:20:00,WEB-TRF,0.0,1367.69,50152.26,,0,0,0,0,-0.10935885606194706
2025-05-30 12:32:00,ATM-WD,9506.0,0.0,37986.0,,0,1,1,0,-0.03597301003190101
2025-05-30 12:40:00,X2/ATS,513.91,0.0,49638.35,,0,1,1,0,-0.03963074345122686
2025-05-30 14:57:00,X2/ATS,877.98,0.0,48760.37,,0,0,0,0,-0.004824869656623654
2025-05-30 16:32:00,ATM-WD,0.0,3570.91,19685.66,,0,0,0,0,-0.09782797040456892
2025-05-30 22:14:00,ATM-WD,0.0,21365.0,524458.0,,0,1,1,0,-0.06016730650519442
2025-05-31 16:49:00,ATM-WD,25139.0,0.0,105749.0,,0,0,0,0,-0.11567077428441697
2025-06-01 13:46:00,WEB-TRF,615.34,0.0,54923.04,,0,0,0,0,-0.155406016310489
2025-06-04 02:42:00,ATM-WD,1369.39,0.0,55639.48,,1,0,0,0,-0.13171156103717552
2025-06-04 09:04:00,WEB-TRF,0.0,1048.51,56687.99,,0,0,0,0,-0.10098777153585664
2025-06-05 14:26:00,ATM-WD,5.8,0.0,68950.14,,0,0,0,0,-0.10731046644731479
2025-06-07 07:34:00,X1/ATS,169.59,0.0,52360.84,,0,1,1,0,-0.0043386938391560825
2025-06-08 05:23:00,ATM-WD,0.0,776.89,6392.81,,0,0,0,0,-0.1588417515310565
2025-06-09 13:23:00,WEB-TRF,77160.0,0.0,199903.0,,0,0,0,0,-0.08405842968258842
2025-06-10 13:07:00,X2/ATS,38116.0,0.0,141019.0,,0,1,1,0,-0.040948689811966865
2025-06-11 20:18:00,ATM-WD,41771.0,0.0,432072.0,,0,0,0,0,-0.15786742603808013
2025-06-12 11:46:00,ATM-WD,0.0,985.88,26362.87,,0,0,0,0,-0.03342953594839004
2025-06-13 04:23:00,C1/ATS,7550.34,0.0,7850.67,,1,1,1,0,-0.17243382669916713
2025-06-13 09:30:00,ATM-WD,941.06,0.0,5895.27,,0,0,0,0,-0.08620594917310892
2025-06-13 22:03:00,ATM-WD,0.0,508.38,27785.21,,0,0,0,0,-0.15027921109133474
2025-06-15 19:04:00,ATM-WD,757.04,0.0,8416.58,,0,0,0,0,-0.09756217887362123
2025-06-18 19:37:00,ATM-WD,0.0,384.58,65622.92,,0,0,0,0,-0.08908143895001669
2025-06-19 19:22:00,ATM-WD,0.0,14265.0,29049.0,,0,0,0,0,-0.07897773934591201
2025-06-22 10:18:00,X1/ATS,56.78,0.0,64121.17,,0,0,0,0,-0.07589644399154416
2025-06-22 21:10:00,ATM-WD,577.61,0.0,39755.93,,0,0,0,0,-0.12548044825146754
2025-06-23 13:26:00,ATM-WD,1055.94,0.0,60604.97,,0,0,0,0,-0.11969243161806603
2025-06-23 16:20:00,WEB-TRF,0.0,4669.0,89120.0,,0,0,0,0,-0.12733118453870618
2025-06-23 16:54:00,WEB-TRF,0.0,1744.42,62349.39,,0,0,0,0,-0.15404415569494817
2025-06-26 11:37:00,WEB-TRF,0.0,1947.0,237162.0,,0,1,1,1,0.037847428843903574
2025-06-26 14:23:00,X1/ATS,0.0,23836.0,171999.0,,0,0,0,0,-0.1650028494456407
2025-06-29 19:31:00,ATM-WD,18047.0,0.0,100942.0,,0,0,0,0,-0.041338866710604605
2025-07-01 17:45:00,WEB-TRF,18093.0,0.0,13936.0,,0,0,0,0,-0.05692516846389306
2025-07-03 08:03:00,X1/ATS,0.0,1060.45,54403.76,,0,0,0,0,-0.07850012918593102
2025-07-03 14:41:00,X2/ATS,1201.76,0.0,65825.01,,0,0,0,1,0.001552183582278599
2025-07-03 18:44:00,ATM-WD,917.27,0.0,64907.74,,0,0,0,0,-0.0902030120300975
2025-07-04 19:45:00,ATM-WD,0.0,1233.0,56804.0,,0,0,0,0,-0.11039407725720929
2025-07-05 20:29:00,ATM-WD,0.0,8388.0,41044.0,,0,0,0,0,-0.07515571337801014
2025-07-06 10:44:00,WEB-TRF,1523.5,0.0,52880.26,,0,0,0,0,-0.05497571046359029
2025-07-08 17:34:00,ATM-WD,1167.93,0.0,4478.95,,0,0,0,0,-0.03308186514414968
2025-07-09 09:51:00,X1/ATS,0.0,547.89,123663.85,,0,0,0,0,-0.1732801036343401
2025-07-11 12:29:00,ATM-WD,0.0,1140.14,124966.53,,0,1,1,0,-0.05697596261572524
2025-07-12 02:19:00,X2/ATS,0.0,1097.01,150360.56,,1,0,0,0,-0.1454959923746319
2025-07-14 05:50:00,ATM-WD,0.0,556.0,15929.2,,0,1,1,0,-0.04222516343646798
2025-07-16 05:12:00,X1/ATS,1609.35,0.0,81050.85,,0,0,0,0,-0.03487983122174054
2025-07-19 08:51:00,WEB-TRF,50.0,0.0,63861.7,,0,0,0,0,-0.021770672101553035
2025-07-19 12:33:00,X1/ATS,0.0,701.0,304365.0,,0,0,0,0,-0.11252556205643499
2025-07-21 17:09:00,ATM-WD,1379.97,0.0,61593.29,,0,0,0,0,-0.05266075177927465
2025-07-22 10:55:00,WEB-TRF,0.0,1233.67,178486.86,,0,1,1,0,-0.0657237261291218
2025-07-22 11:24:00,X1/ATS,0.0,1027.47,25479.73,,0,0,0,0,-0.13718169426085786
2025-07-22 14:16:00,X1/ATS,0.0,1293.01,179779.87,,0,0,0,0,-0.10786570294172754
2025-07-24 04:06:00,X1/ATS,0.0,1596.65,181727.65,,1,1,1,0,-0.0608399112924668
2025-07-27 13:13:00,ATM-WD,109031.0,0.0,176167.0,,1,0,0,0,-0.10680054871556627
2025-07-27 14:32:00,X2/ATS,0.0,1514.93,59253.65,,0,0,0,0,-0.13759331352098114
2025-07-27 17:10:00,ATM-WD,0.0,1362.93,1650.17,,0,0,0,0,-0.14923802578452006
2025-07-27 19:49:00,X2/ATS,1305.08,0.0,59849.31,,0,0,0,0,-0.13757919432471877
2025-07-28 12:11:00,ATM-WD,1403.84,0.0,183024.62,,0,1,1,0,-0.009974386626672604
2025-07-30 06:48:00,ATM-WD,633.58,0.0,57391.98,,0,0,0,0,-0.15377277536427253
2025-07-31 10:39:00,ATM-WD,49403.0,0.0,105161.0,,0,0,0,0,-0.09623531174852595
2025-08-01 03:26:00,ATM-WD,0.0,350.58,4126.76,,1,0,0,0,-0.11468017464022373
2025-08-12 21:00:00,WEB-TRF,0.0,686.38,11209.57,,0,1,1,1,0.06788190058786414
2025-08-14 22:38:00,ATM-WD,0.0,481.85,11691.42,,0,0,0,0,-0.10667220203938688
2025-08-22 10:15:00,WEB-TRF,1113.49,0.0,2637.63,,0,0,0,0,-0.10888318303384742
2025-08-23 19:52:00,WEB-TRF,140.56,0.0,1349.47,,0,0,0,0,-0.07501210829430699
2025-08-28 14:31:00,ATM-WD,980.29,0.0,11759.25,,0,0,0,0,-0.09873823727326092
2025-08-29 04:59:00,X2/ATS,1006.81,0.0,18085.72,,1,0,0,1,0.013763480618389057
2025-09-01 00:17:00,ATM-WD,1022.02,0.0,191178.29,,0,1,1,0,-0.0063779013098296256
2025-09-01 03:20:00,ATM-WD,0.0,712.6,72030.14,,1,0,0,0,-0.11496733778058127
2025-09-01 03:43:00,ATM-WD,0.0,446.43,72476.57,,1,1,1,1,0.030260121838991405
2025-09-01 04:39:00,X2/ATS,658.74,0.0,72120.17,,1,0,0,0,-0.11960332940615143
2025-09-01 09:29:00,X1/ATS,493.01,0.0,69864.9,,0,0,0,0,-0.10975369729042111
2025-09-01 10:18:00,WEB-TRF,0.0,823.36,54039.01,,0,0,0,0,-0.15603599415228936
2025-09-01 18:18:00,WEB-TRF,0.0,1311.61,36706.72,,0,0,0,0,-0.15803616990680497
